sample_id,stage,status,parent_1,parent_2,treatment,hpf,date
10C14,earlygastrula,typical,B,J,control,14,2024-06-07
10C14,earlygastrula,typical,B,J,control,14,2024-06-07
10C14,earlygastrula,typical,B,J,control,14,2024-06-07
10C14,earlygastrula,typical,B,J,control,14,2024-06-07
10C14,earlygastrula,typical,B,J,control,14,2024-06-07
10C14,earlygastrula,typical,B,J,control,14,2024-06-07
10C14,earlygastrula,typical,B,J,control,14,2024-06-07
10C14,earlygastrula,typical,B,J,control,14,2024-06-07
10C14,earlygastrula,typical,B,J,control,14,2024-06-07
10C14,earlygastrula,typical,B,J,control,14,2024-06-07
10C14,earlygastrula,typical,B,J,control,14,2024-06-07
10C14,earlygastrula,malformed,B,J,control,14,2024-06-07
10C14,earlygastrula,typical,B,J,control,14,2024-06-07
10C14,earlygastrula,typical,B,J,control,14,2024-06-07
10C14,earlygastrula,typical,B,J,control,14,2024-06-07
10C14,earlygastrula,typical,B,J,control,14,2024-06-07
10C14,earlygastrula,typical,B,J,control,14,2024-06-07
10C14,earlygastrula,typical,B,J,control,14,2024-06-07
10C14,earlygastrula,typical,B,J,control,14,2024-06-07
10C14,earlygastrula,typical,B,J,control,14,2024-06-07
10C14,earlygastrula,malformed,B,J,control,14,2024-06-07
10C14,earlygastrula,typical,B,J,control,14,2024-06-07
10C14,earlygastrula,uncertain,B,J,control,14,2024-06-07
10C4,cleavage,typical,B,J,control,4,2024-06-07
10C4,cleavage,typical,B,J,control,4,2024-06-07
10C4,cleavage,typical,B,J,control,4,2024-06-07
10C4,cleavage,typical,B,J,control,4,2024-06-07
10C4,cleavage,typical,B,J,control,4,2024-06-07
10C4,cleavage,typical,B,J,control,4,2024-06-07
10C4,cleavage,typical,B,J,control,4,2024-06-07
10C4,morula,typical,B,J,control,4,2024-06-07
10C4,egg,typical,B,J,control,4,2024-06-07
10C4,cleavage,typical,B,J,control,4,2024-06-07
10C4,egg,typical,B,J,control,4,2024-06-07
10C4,egg,typical,B,J,control,4,2024-06-07
10C4,cleavage,typical,B,J,control,4,2024-06-07
10C4,egg,typical,B,J,control,4,2024-06-07
10C4,egg,typical,B,J,control,4,2024-06-07
10C4,morula,typical,B,J,control,4,2024-06-07
10C4,morula,typical,B,J,control,4,2024-06-07
10C4,morula,typical,B,J,control,4,2024-06-07
10C4,morula,typical,B,J,control,4,2024-06-07
10C4,egg,typical,B,J,control,4,2024-06-07
10C4,cleavage,typical,B,J,control,4,2024-06-07
10C4,morula,typical,B,J,control,4,2024-06-07
10C4,egg,typical,B,J,control,4,2024-06-07
10C4,egg,typical,B,J,control,4,2024-06-07
10C4,cleavage,typical,B,J,control,4,2024-06-07
10C4,morula,typical,B,J,control,4,2024-06-07
10C4,cleavage,typical,B,J,control,4,2024-06-07
10C4,morula,typical,B,J,control,4,2024-06-07
10C4,egg,typical,B,J,control,4,2024-06-07
10C9,prawnchip,malformed,B,J,control,9,2024-06-07
10C9,prawnchip,typical,B,J,control,9,2024-06-07
10C9,prawnchip,typical,B,J,control,9,2024-06-07
10C9,prawnchip,typical,B,J,control,9,2024-06-07
10C9,prawnchip,typical,B,J,control,9,2024-06-07
10C9,prawnchip,typical,B,J,control,9,2024-06-07
10C9,prawnchip,typical,B,J,control,9,2024-06-07
10C9,prawnchip,uncertain,B,J,control,9,2024-06-07
10C9,morula,typical,B,J,control,9,2024-06-07
10C9,prawnchip,malformed,B,J,control,9,2024-06-07
10C9,prawnchip,malformed,B,J,control,9,2024-06-07
10C9,prawnchip,typical,B,J,control,9,2024-06-07
10C9,prawnchip,typical,B,J,control,9,2024-06-07
10C9,prawnchip,uncertain,B,J,control,9,2024-06-07
10C9,prawnchip,typical,B,J,control,9,2024-06-07
10C9,prawnchip,typical,B,J,control,9,2024-06-07
10C9,prawnchip,typical,B,J,control,9,2024-06-07
10C9,prawnchip,typical,B,J,control,9,2024-06-07
10C9,prawnchip,typical,B,J,control,9,2024-06-07
10H14,earlygastrula,malformed,B,J,high,14,2024-06-07
10H14,earlygastrula,malformed,B,J,high,14,2024-06-07
10H14,earlygastrula,typical,B,J,high,14,2024-06-07
10H14,earlygastrula,uncertain,B,J,high,14,2024-06-07
10H14,earlygastrula,typical,B,J,high,14,2024-06-07
10H14,earlygastrula,typical,B,J,high,14,2024-06-07
10H14,earlygastrula,uncertain,B,J,high,14,2024-06-07
10H14,earlygastrula,typical,B,J,high,14,2024-06-07
10H14,earlygastrula,malformed,B,J,high,14,2024-06-07
10H14,earlygastrula,typical,B,J,high,14,2024-06-07
10H14,earlygastrula,typical,B,J,high,14,2024-06-07
10H14,earlygastrula,typical,B,J,high,14,2024-06-07
10H14,earlygastrula,typical,B,J,high,14,2024-06-07
10H14,earlygastrula,uncertain,B,J,high,14,2024-06-07
10H14,earlygastrula,malformed,B,J,high,14,2024-06-07
10H4,cleavage,malformed,B,J,high,4,2024-06-07
10H4,egg,typical,B,J,high,4,2024-06-07
10H4,morula,typical,B,J,high,4,2024-06-07
10H4,cleavage,typical,B,J,high,4,2024-06-07
10H4,egg,typical,B,J,high,4,2024-06-07
10H4,egg,typical,B,J,high,4,2024-06-07
10H4,morula,typical,B,J,high,4,2024-06-07
10H4,morula,typical,B,J,high,4,2024-06-07
10H4,egg,typical,B,J,high,4,2024-06-07
10H4,morula,typical,B,J,high,4,2024-06-07
10H4,cleavage,typical,B,J,high,4,2024-06-07
10H4,cleavage,typical,B,J,high,4,2024-06-07
10H4,egg,typical,B,J,high,4,2024-06-07
10H4,cleavage,typical,B,J,high,4,2024-06-07
10H4,egg,typical,B,J,high,4,2024-06-07
10H4,egg,typical,B,J,high,4,2024-06-07
10H4,egg,typical,B,J,high,4,2024-06-07
10H4,cleavage,typical,B,J,high,4,2024-06-07
10H4,egg,typical,B,J,high,4,2024-06-07
10H4,egg,typical,B,J,high,4,2024-06-07
10H4,cleavage,typical,B,J,high,4,2024-06-07
10H9,prawnchip,typical,B,J,high,9,2024-06-07
10H9,prawnchip,typical,B,J,high,9,2024-06-07
10H9,prawnchip,malformed,B,J,high,9,2024-06-07
10H9,prawnchip,typical,B,J,high,9,2024-06-07
10H9,prawnchip,typical,B,J,high,9,2024-06-07
10H9,prawnchip,typical,B,J,high,9,2024-06-07
10H9,prawnchip,typical,B,J,high,9,2024-06-07
10H9,prawnchip,uncertain,B,J,high,9,2024-06-07
10H9,prawnchip,typical,B,J,high,9,2024-06-07
10H9,prawnchip,uncertain,B,J,high,9,2024-06-07
10H9,prawnchip,typical,B,J,high,9,2024-06-07
10H9,prawnchip,typical,B,J,high,9,2024-06-07
10H9,prawnchip,typical,B,J,high,9,2024-06-07
10H9,prawnchip,typical,B,J,high,9,2024-06-07
10H9,prawnchip,typical,B,J,high,9,2024-06-07
10H9,prawnchip,typical,B,J,high,9,2024-06-07
10H9,prawnchip,typical,B,J,high,9,2024-06-07
10H9,prawnchip,typical,B,J,high,9,2024-06-07
10H9,prawnchip,typical,B,J,high,9,2024-06-07
10H9,prawnchip,typical,B,J,high,9,2024-06-07
10L14,earlygastrula,typical,B,J,low,14,2024-06-07
10L14,earlygastrula,malformed,B,J,low,14,2024-06-07
10L14,earlygastrula,typical,B,J,low,14,2024-06-07
10L14,earlygastrula,typical,B,J,low,14,2024-06-07
10L14,earlygastrula,typical,B,J,low,14,2024-06-07
10L14,prawnchip,typical,B,J,low,14,2024-06-07
10L14,earlygastrula,typical,B,J,low,14,2024-06-07
10L14,earlygastrula,typical,B,J,low,14,2024-06-07
10L14,earlygastrula,typical,B,J,low,14,2024-06-07
10L14,earlygastrula,typical,B,J,low,14,2024-06-07
10L14,earlygastrula,typical,B,J,low,14,2024-06-07
10L14,earlygastrula,typical,B,J,low,14,2024-06-07
10L14,earlygastrula,typical,B,J,low,14,2024-06-07
10L14,earlygastrula,typical,B,J,low,14,2024-06-07
10L14,egg,malformed,B,J,low,14,2024-06-07
10L4,egg,typical,B,J,low,4,2024-06-07
10L4,egg,typical,B,J,low,4,2024-06-07
10L4,cleavage,typical,B,J,low,4,2024-06-07
10L4,morula,typical,B,J,low,4,2024-06-07
10L4,egg,typical,B,J,low,4,2024-06-07
10L4,cleavage,typical,B,J,low,4,2024-06-07
10L4,morula,typical,B,J,low,4,2024-06-07
10L4,cleavage,typical,B,J,low,4,2024-06-07
10L4,egg,typical,B,J,low,4,2024-06-07
10L4,egg,typical,B,J,low,4,2024-06-07
10L4,morula,typical,B,J,low,4,2024-06-07
10L4,cleavage,typical,B,J,low,4,2024-06-07
10L4,morula,typical,B,J,low,4,2024-06-07
10L4,morula,typical,B,J,low,4,2024-06-07
10L4,egg,typical,B,J,low,4,2024-06-07
10L4,cleavage,typical,B,J,low,4,2024-06-07
10L4,morula,typical,B,J,low,4,2024-06-07
10L4,cleavage,typical,B,J,low,4,2024-06-07
10L4,morula,typical,B,J,low,4,2024-06-07
10L4,egg,typical,B,J,low,4,2024-06-07
10L4,cleavage,typical,B,J,low,4,2024-06-07
10L4,morula,typical,B,J,low,4,2024-06-07
10L4,egg,typical,B,J,low,4,2024-06-07
10L4,morula,typical,B,J,low,4,2024-06-07
10L4,cleavage,malformed,B,J,low,4,2024-06-07
10L4,egg,typical,B,J,low,4,2024-06-07
10L4,morula,typical,B,J,low,4,2024-06-07
10L9,prawnchip,uncertain,B,J,low,9,2024-06-07
10L9,prawnchip,typical,B,J,low,9,2024-06-07
10L9,prawnchip,typical,B,J,low,9,2024-06-07
10L9,prawnchip,typical,B,J,low,9,2024-06-07
10L9,prawnchip,typical,B,J,low,9,2024-06-07
10L9,prawnchip,uncertain,B,J,low,9,2024-06-07
10L9,prawnchip,uncertain,B,J,low,9,2024-06-07
10L9,prawnchip,malformed,B,J,low,9,2024-06-07
10L9,prawnchip,malformed,B,J,low,9,2024-06-07
10L9,prawnchip,typical,B,J,low,9,2024-06-07
10L9,prawnchip,typical,B,J,low,9,2024-06-07
10L9,prawnchip,uncertain,B,J,low,9,2024-06-07
10L9,prawnchip,typical,B,J,low,9,2024-06-07
10L9,prawnchip,uncertain,B,J,low,9,2024-06-07
10L9,prawnchip,typical,B,J,low,9,2024-06-07
10L9,prawnchip,uncertain,B,J,low,9,2024-06-07
10L9,prawnchip,typical,B,J,low,9,2024-06-07
10L9,prawnchip,typical,B,J,low,9,2024-06-07
10L9,prawnchip,typical,B,J,low,9,2024-06-07
10L9,prawnchip,malformed,B,J,low,9,2024-06-07
10L9,prawnchip,typical,B,J,low,9,2024-06-07
10L9,prawnchip,typical,B,J,low,9,2024-06-07
10L9,prawnchip,uncertain,B,J,low,9,2024-06-07
10L9,prawnchip,typical,B,J,low,9,2024-06-07
10L9,prawnchip,typical,B,J,low,9,2024-06-07
10L9,prawnchip,typical,B,J,low,9,2024-06-07
10L9,prawnchip,typical,B,J,low,9,2024-06-07
10L9,prawnchip,typical,B,J,low,9,2024-06-07
10M14,earlygastrula,typical,B,J,mid,14,2024-06-07
10M14,earlygastrula,typical,B,J,mid,14,2024-06-07
10M14,earlygastrula,typical,B,J,mid,14,2024-06-07
10M14,earlygastrula,typical,B,J,mid,14,2024-06-07
10M14,earlygastrula,typical,B,J,mid,14,2024-06-07
10M14,earlygastrula,typical,B,J,mid,14,2024-06-07
10M14,earlygastrula,typical,B,J,mid,14,2024-06-07
10M14,earlygastrula,typical,B,J,mid,14,2024-06-07
10M14,earlygastrula,typical,B,J,mid,14,2024-06-07
10M14,earlygastrula,typical,B,J,mid,14,2024-06-07
10M14,earlygastrula,typical,B,J,mid,14,2024-06-07
10M14,earlygastrula,typical,B,J,mid,14,2024-06-07
10M14,earlygastrula,typical,B,J,mid,14,2024-06-07
10M14,earlygastrula,typical,B,J,mid,14,2024-06-07
10M14,earlygastrula,typical,B,J,mid,14,2024-06-07
10M14,earlygastrula,malformed,B,J,mid,14,2024-06-07
10M14,earlygastrula,typical,B,J,mid,14,2024-06-07
10M14,earlygastrula,typical,B,J,mid,14,2024-06-07
10M14,earlygastrula,typical,B,J,mid,14,2024-06-07
10M14,earlygastrula,typical,B,J,mid,14,2024-06-07
10M14,earlygastrula,malformed,B,J,mid,14,2024-06-07
10M4,cleavage,typical,B,J,mid,4,2024-06-07
10M4,morula,typical,B,J,mid,4,2024-06-07
10M4,morula,typical,B,J,mid,4,2024-06-07
10M4,cleavage,typical,B,J,mid,4,2024-06-07
10M4,cleavage,typical,B,J,mid,4,2024-06-07
10M4,cleavage,typical,B,J,mid,4,2024-06-07
10M4,cleavage,typical,B,J,mid,4,2024-06-07
10M4,cleavage,typical,B,J,mid,4,2024-06-07
10M4,cleavage,typical,B,J,mid,4,2024-06-07
10M4,egg,typical,B,J,mid,4,2024-06-07
10M4,morula,typical,B,J,mid,4,2024-06-07
10M4,egg,typical,B,J,mid,4,2024-06-07
10M4,morula,typical,B,J,mid,4,2024-06-07
10M4,egg,typical,B,J,mid,4,2024-06-07
10M4,egg,typical,B,J,mid,4,2024-06-07
10M4,egg,typical,B,J,mid,4,2024-06-07
10M4,cleavage,malformed,B,J,mid,4,2024-06-07
10M4,egg,typical,B,J,mid,4,2024-06-07
10M4,egg,typical,B,J,mid,4,2024-06-07
10M4,morula,typical,B,J,mid,4,2024-06-07
10M4,cleavage,typical,B,J,mid,4,2024-06-07
10M4,morula,typical,B,J,mid,4,2024-06-07
10M4,morula,typical,B,J,mid,4,2024-06-07
10M4,morula,typical,B,J,mid,4,2024-06-07
10M4,egg,typical,B,J,mid,4,2024-06-07
10M4,morula,typical,B,J,mid,4,2024-06-07
10M4,cleavage,typical,B,J,mid,4,2024-06-07
10M4,egg,typical,B,J,mid,4,2024-06-07
10M4,cleavage,typical,B,J,mid,4,2024-06-07
10M4,morula,typical,B,J,mid,4,2024-06-07
10M4,morula,typical,B,J,mid,4,2024-06-07
10M9,prawnchip,typical,B,J,mid,9,2024-06-07
10M9,prawnchip,typical,B,J,mid,9,2024-06-07
10M9,prawnchip,typical,B,J,mid,9,2024-06-07
10M9,prawnchip,typical,B,J,mid,9,2024-06-07
10M9,prawnchip,malformed,B,J,mid,9,2024-06-07
10M9,prawnchip,typical,B,J,mid,9,2024-06-07
10M9,prawnchip,typical,B,J,mid,9,2024-06-07
10M9,prawnchip,typical,B,J,mid,9,2024-06-07
10M9,prawnchip,typical,B,J,mid,9,2024-06-07
10M9,prawnchip,typical,B,J,mid,9,2024-06-07
10M9,prawnchip,typical,B,J,mid,9,2024-06-07
10M9,prawnchip,typical,B,J,mid,9,2024-06-07
10M9,prawnchip,typical,B,J,mid,9,2024-06-07
10M9,prawnchip,typical,B,J,mid,9,2024-06-07
10M9,prawnchip,malformed,B,J,mid,9,2024-06-07
1C14,earlygastrula,typical,H,M,control,14,2024-05-07
1C14,earlygastrula,typical,H,M,control,14,2024-05-07
1C14,earlygastrula,typical,H,M,control,14,2024-05-07
1C14,earlygastrula,typical,H,M,control,14,2024-05-07
1C14,earlygastrula,typical,H,M,control,14,2024-05-07
1C14,earlygastrula,typical,H,M,control,14,2024-05-07
1C14,earlygastrula,typical,H,M,control,14,2024-05-07
1C14,earlygastrula,typical,H,M,control,14,2024-05-07
1C14,earlygastrula,typical,H,M,control,14,2024-05-07
1C14,earlygastrula,typical,H,M,control,14,2024-05-07
1C4,egg,typical,H,M,control,4,2024-05-07
1C4,morula,malformed,H,M,control,4,2024-05-07
1C4,egg,typical,H,M,control,4,2024-05-07
1C4,morula,typical,H,M,control,4,2024-05-07
1C4,morula,typical,H,M,control,4,2024-05-07
1C4,morula,typical,H,M,control,4,2024-05-07
1C4,egg,typical,H,M,control,4,2024-05-07
1C4,egg,typical,H,M,control,4,2024-05-07
1C4,cleavage,typical,H,M,control,4,2024-05-07
1C4,morula,typical,H,M,control,4,2024-05-07
1C4,morula,typical,H,M,control,4,2024-05-07
1C4,egg,typical,H,M,control,4,2024-05-07
1C4,egg,typical,H,M,control,4,2024-05-07
1C4,egg,typical,H,M,control,4,2024-05-07
1C4,morula,typical,H,M,control,4,2024-05-07
1C4,egg,typical,H,M,control,4,2024-05-07
1C4,egg,typical,H,M,control,4,2024-05-07
1C4,egg,typical,H,M,control,4,2024-05-07
1C4,egg,typical,H,M,control,4,2024-05-07
1C4,egg,typical,H,M,control,4,2024-05-07
1C4,egg,typical,H,M,control,4,2024-05-07
1C4,egg,typical,H,M,control,4,2024-05-07
1C4,egg,typical,H,M,control,4,2024-05-07
1C9,prawnchip,typical,H,M,control,9,2024-05-07
1C9,morula,typical,H,M,control,9,2024-05-07
1C9,prawnchip,typical,H,M,control,9,2024-05-07
1C9,prawnchip,typical,H,M,control,9,2024-05-07
1H14,earlygastrula,typical,H,M,high,14,2024-05-07
1H14,earlygastrula,typical,H,M,high,14,2024-05-07
1H14,earlygastrula,typical,H,M,high,14,2024-05-07
1H14,earlygastrula,typical,H,M,high,14,2024-05-07
1H14,earlygastrula,typical,H,M,high,14,2024-05-07
1H14,earlygastrula,typical,H,M,high,14,2024-05-07
1H14,earlygastrula,typical,H,M,high,14,2024-05-07
1H14,prawnchip,typical,H,M,high,14,2024-05-07
1H14,earlygastrula,typical,H,M,high,14,2024-05-07
1H4,morula,typical,H,M,high,4,2024-05-07
1H4,cleavage,typical,H,M,high,4,2024-05-07
1H4,morula,typical,H,M,high,4,2024-05-07
1H4,egg,typical,H,M,high,4,2024-05-07
1H4,egg,typical,H,M,high,4,2024-05-07
1H4,egg,typical,H,M,high,4,2024-05-07
1H4,egg,typical,H,M,high,4,2024-05-07
1H4,egg,typical,H,M,high,4,2024-05-07
1H4,egg,typical,H,M,high,4,2024-05-07
1H4,egg,typical,H,M,high,4,2024-05-07
1H4,egg,typical,H,M,high,4,2024-05-07
1H4,morula,typical,H,M,high,4,2024-05-07
1H4,cleavage,typical,H,M,high,4,2024-05-07
1H4,egg,typical,H,M,high,4,2024-05-07
1H4,cleavage,typical,H,M,high,4,2024-05-07
1H4,egg,typical,H,M,high,4,2024-05-07
1H4,morula,typical,H,M,high,4,2024-05-07
1H4,egg,typical,H,M,high,4,2024-05-07
1H4,egg,typical,H,M,high,4,2024-05-07
1H4,morula,typical,H,M,high,4,2024-05-07
1H4,cleavage,typical,H,M,high,4,2024-05-07
1H4,morula,typical,H,M,high,4,2024-05-07
1H4,morula,typical,H,M,high,4,2024-05-07
1H4,morula,typical,H,M,high,4,2024-05-07
1H4,egg,typical,H,M,high,4,2024-05-07
1H9,prawnchip,malformed,H,M,high,9,2024-05-07
1H9,prawnchip,typical,H,M,high,9,2024-05-07
1H9,prawnchip,uncertain,H,M,high,9,2024-05-07
1H9,prawnchip,malformed,H,M,high,9,2024-05-07
1H9,prawnchip,typical,H,M,high,9,2024-05-07
1H9,prawnchip,malformed,H,M,high,9,2024-05-07
1L14,prawnchip,typical,H,M,low,14,2024-05-07
1L14,earlygastrula,typical,H,M,low,14,2024-05-07
1L14,earlygastrula,typical,H,M,low,14,2024-05-07
1L14,earlygastrula,typical,H,M,low,14,2024-05-07
1L14,earlygastrula,typical,H,M,low,14,2024-05-07
1L14,earlygastrula,typical,H,M,low,14,2024-05-07
1L14,earlygastrula,typical,H,M,low,14,2024-05-07
1L14,earlygastrula,typical,H,M,low,14,2024-05-07
1L4,morula,typical,H,M,low,4,2024-05-07
1L4,morula,typical,H,M,low,4,2024-05-07
1L4,cleavage,typical,H,M,low,4,2024-05-07
1L4,morula,typical,H,M,low,4,2024-05-07
1L4,egg,typical,H,M,low,4,2024-05-07
1L4,egg,typical,H,M,low,4,2024-05-07
1L4,morula,uncertain,H,M,low,4,2024-05-07
1L4,morula,typical,H,M,low,4,2024-05-07
1L4,cleavage,uncertain,H,M,low,4,2024-05-07
1L4,egg,typical,H,M,low,4,2024-05-07
1L4,egg,uncertain,H,M,low,4,2024-05-07
1L4,egg,typical,H,M,low,4,2024-05-07
1L4,egg,typical,H,M,low,4,2024-05-07
1L4,egg,typical,H,M,low,4,2024-05-07
1L4,egg,typical,H,M,low,4,2024-05-07
1L4,egg,typical,H,M,low,4,2024-05-07
1L4,morula,typical,H,M,low,4,2024-05-07
1L4,morula,typical,H,M,low,4,2024-05-07
1L4,egg,typical,H,M,low,4,2024-05-07
1L4,morula,typical,H,M,low,4,2024-05-07
1L4,morula,typical,H,M,low,4,2024-05-07
1L9,prawnchip,typical,H,M,low,9,2024-05-07
1L9,prawnchip,typical,H,M,low,9,2024-05-07
1L9,prawnchip,typical,H,M,low,9,2024-05-07
1L9,prawnchip,typical,H,M,low,9,2024-05-07
1L9,prawnchip,typical,H,M,low,9,2024-05-07
1L9,prawnchip,typical,H,M,low,9,2024-05-07
1L9,prawnchip,typical,H,M,low,9,2024-05-07
1L9,prawnchip,typical,H,M,low,9,2024-05-07
1L9,prawnchip,typical,H,M,low,9,2024-05-07
1M14,earlygastrula,typical,H,M,mid,14,2024-05-07
1M14,earlygastrula,malformed,H,M,mid,14,2024-05-07
1M14,earlygastrula,typical,H,M,mid,14,2024-05-07
1M4,egg,typical,H,M,mid,4,2024-05-07
1M4,egg,typical,H,M,mid,4,2024-05-07
1M4,morula,typical,H,M,mid,4,2024-05-07
1M4,morula,typical,H,M,mid,4,2024-05-07
1M4,morula,typical,H,M,mid,4,2024-05-07
1M4,cleavage,typical,H,M,mid,4,2024-05-07
1M4,egg,typical,H,M,mid,4,2024-05-07
1M4,egg,typical,H,M,mid,4,2024-05-07
1M4,egg,typical,H,M,mid,4,2024-05-07
1M4,egg,typical,H,M,mid,4,2024-05-07
1M4,egg,typical,H,M,mid,4,2024-05-07
1M4,cleavage,typical,H,M,mid,4,2024-05-07
1M4,egg,typical,H,M,mid,4,2024-05-07
1M4,egg,typical,H,M,mid,4,2024-05-07
1M4,egg,typical,H,M,mid,4,2024-05-07
1M4,egg,typical,H,M,mid,4,2024-05-07
1M4,egg,typical,H,M,mid,4,2024-05-07
1M4,egg,typical,H,M,mid,4,2024-05-07
1M4,egg,typical,H,M,mid,4,2024-05-07
1M4,egg,typical,H,M,mid,4,2024-05-07
1M4,egg,malformed,H,M,mid,4,2024-05-07
1M4,egg,typical,H,M,mid,4,2024-05-07
1M4,egg,typical,H,M,mid,4,2024-05-07
1M4,egg,typical,H,M,mid,4,2024-05-07
1M9,prawnchip,typical,H,M,mid,9,2024-05-07
1M9,prawnchip,typical,H,M,mid,9,2024-05-07
1M9,prawnchip,typical,H,M,mid,9,2024-05-07
1M9,prawnchip,typical,H,M,mid,9,2024-05-07
1M9,prawnchip,uncertain,H,M,mid,9,2024-05-07
1M9,prawnchip,typical,H,M,mid,9,2024-05-07
1M9,prawnchip,typical,H,M,mid,9,2024-05-07
1M9,prawnchip,malformed,H,M,mid,9,2024-05-07
1M9,prawnchip,malformed,H,M,mid,9,2024-05-07
1M9,prawnchip,typical,H,M,mid,9,2024-05-07
1M9,prawnchip,malformed,H,M,mid,9,2024-05-07
1M9,morula,typical,H,M,mid,9,2024-05-07
3C14,earlygastrula,typical,D,N,control,14,2024-05-07
3C14,earlygastrula,typical,D,N,control,14,2024-05-07
3C14,earlygastrula,typical,D,N,control,14,2024-05-07
3C14,earlygastrula,typical,D,N,control,14,2024-05-07
3C14,earlygastrula,typical,D,N,control,14,2024-05-07
3C14,earlygastrula,typical,D,N,control,14,2024-05-07
3C14,earlygastrula,typical,D,N,control,14,2024-05-07
3C4,egg,uncertain,D,N,control,4,2024-05-07
3C4,morula,typical,D,N,control,4,2024-05-07
3C4,egg,typical,D,N,control,4,2024-05-07
3C4,morula,typical,D,N,control,4,2024-05-07
3C4,morula,typical,D,N,control,4,2024-05-07
3C4,egg,typical,D,N,control,4,2024-05-07
3C4,egg,typical,D,N,control,4,2024-05-07
3C4,morula,typical,D,N,control,4,2024-05-07
3C4,egg,typical,D,N,control,4,2024-05-07
3C4,morula,typical,D,N,control,4,2024-05-07
3C4,morula,typical,D,N,control,4,2024-05-07
3C4,morula,typical,D,N,control,4,2024-05-07
3C4,morula,typical,D,N,control,4,2024-05-07
3C4,cleavage,uncertain,D,N,control,4,2024-05-07
3C4,morula,typical,D,N,control,4,2024-05-07
3C4,egg,typical,D,N,control,4,2024-05-07
3C4,egg,typical,D,N,control,4,2024-05-07
3C4,morula,typical,D,N,control,4,2024-05-07
3C4,egg,typical,D,N,control,4,2024-05-07
3C4,morula,typical,D,N,control,4,2024-05-07
3C4,morula,typical,D,N,control,4,2024-05-07
3C4,egg,typical,D,N,control,4,2024-05-07
3C4,morula,typical,D,N,control,4,2024-05-07
3C4,morula,typical,D,N,control,4,2024-05-07
3C4,egg,typical,D,N,control,4,2024-05-07
3C4,cleavage,typical,D,N,control,4,2024-05-07
3C4,egg,typical,D,N,control,4,2024-05-07
3C4,egg,typical,D,N,control,4,2024-05-07
3C4,morula,typical,D,N,control,4,2024-05-07
3C4,morula,typical,D,N,control,4,2024-05-07
3C4,morula,typical,D,N,control,4,2024-05-07
3C4,egg,typical,D,N,control,4,2024-05-07
3C4,egg,typical,D,N,control,4,2024-05-07
3C9,prawnchip,typical,D,N,control,9,2024-05-07
3C9,prawnchip,typical,D,N,control,9,2024-05-07
3C9,prawnchip,uncertain,D,N,control,9,2024-05-07
3C9,prawnchip,typical,D,N,control,9,2024-05-07
3C9,prawnchip,uncertain,D,N,control,9,2024-05-07
3C9,prawnchip,typical,D,N,control,9,2024-05-07
3C9,prawnchip,typical,D,N,control,9,2024-05-07
3C9,prawnchip,typical,D,N,control,9,2024-05-07
3C9,prawnchip,typical,D,N,control,9,2024-05-07
3C9,prawnchip,typical,D,N,control,9,2024-05-07
3C9,prawnchip,typical,D,N,control,9,2024-05-07
3C9,prawnchip,typical,D,N,control,9,2024-05-07
3C9,prawnchip,typical,D,N,control,9,2024-05-07
3H14,earlygastrula,uncertain,D,N,high,14,2024-05-07
3H14,earlygastrula,typical,D,N,high,14,2024-05-07
3H4,egg,typical,D,N,high,4,2024-05-07
3H4,egg,typical,D,N,high,4,2024-05-07
3H4,morula,typical,D,N,high,4,2024-05-07
3H4,morula,typical,D,N,high,4,2024-05-07
3H4,cleavage,typical,D,N,high,4,2024-05-07
3H4,morula,typical,D,N,high,4,2024-05-07
3H4,egg,typical,D,N,high,4,2024-05-07
3H4,egg,typical,D,N,high,4,2024-05-07
3H4,egg,typical,D,N,high,4,2024-05-07
3H4,egg,typical,D,N,high,4,2024-05-07
3H4,egg,typical,D,N,high,4,2024-05-07
3H4,morula,typical,D,N,high,4,2024-05-07
3H4,egg,typical,D,N,high,4,2024-05-07
3H4,egg,typical,D,N,high,4,2024-05-07
3H4,morula,typical,D,N,high,4,2024-05-07
3H4,morula,typical,D,N,high,4,2024-05-07
3H4,morula,typical,D,N,high,4,2024-05-07
3H4,morula,typical,D,N,high,4,2024-05-07
3H4,egg,typical,D,N,high,4,2024-05-07
3H4,egg,typical,D,N,high,4,2024-05-07
3H4,morula,typical,D,N,high,4,2024-05-07
3H4,egg,typical,D,N,high,4,2024-05-07
3H4,cleavage,typical,D,N,high,4,2024-05-07
3H4,egg,typical,D,N,high,4,2024-05-07
3H4,egg,typical,D,N,high,4,2024-05-07
3H4,egg,typical,D,N,high,4,2024-05-07
3H4,egg,typical,D,N,high,4,2024-05-07
3H4,egg,typical,D,N,high,4,2024-05-07
3H4,egg,typical,D,N,high,4,2024-05-07
3H4,morula,typical,D,N,high,4,2024-05-07
3H9,prawnchip,typical,D,N,high,9,2024-05-07
3H9,prawnchip,typical,D,N,high,9,2024-05-07
3H9,prawnchip,typical,D,N,high,9,2024-05-07
3H9,prawnchip,typical,D,N,high,9,2024-05-07
3H9,prawnchip,typical,D,N,high,9,2024-05-07
3H9,prawnchip,typical,D,N,high,9,2024-05-07
3H9,prawnchip,typical,D,N,high,9,2024-05-07
3H9,prawnchip,typical,D,N,high,9,2024-05-07
3H9,prawnchip,typical,D,N,high,9,2024-05-07
3L14,earlygastrula,typical,D,N,low,14,2024-05-07
3L14,earlygastrula,typical,D,N,low,14,2024-05-07
3L14,earlygastrula,typical,D,N,low,14,2024-05-07
3L4,egg,typical,D,N,low,4,2024-05-07
3L4,egg,typical,D,N,low,4,2024-05-07
3L4,morula,typical,D,N,low,4,2024-05-07
3L4,morula,typical,D,N,low,4,2024-05-07
3L4,egg,typical,D,N,low,4,2024-05-07
3L4,egg,typical,D,N,low,4,2024-05-07
3L4,egg,typical,D,N,low,4,2024-05-07
3L4,morula,typical,D,N,low,4,2024-05-07
3L4,egg,typical,D,N,low,4,2024-05-07
3L4,egg,typical,D,N,low,4,2024-05-07
3L4,cleavage,typical,D,N,low,4,2024-05-07
3L4,cleavage,typical,D,N,low,4,2024-05-07
3L4,egg,typical,D,N,low,4,2024-05-07
3L4,egg,typical,D,N,low,4,2024-05-07
3L4,cleavage,typical,D,N,low,4,2024-05-07
3L4,egg,typical,D,N,low,4,2024-05-07
3L4,egg,typical,D,N,low,4,2024-05-07
3L4,egg,typical,D,N,low,4,2024-05-07
3L4,egg,typical,D,N,low,4,2024-05-07
3L4,morula,typical,D,N,low,4,2024-05-07
3L9,NA,NA,D,N,low,9,2024-05-07
3M14,earlygastrula,typical,D,N,mid,14,2024-05-07
3M14,earlygastrula,typical,D,N,mid,14,2024-05-07
3M14,earlygastrula,typical,D,N,mid,14,2024-05-07
3M14,earlygastrula,typical,D,N,mid,14,2024-05-07
3M14,earlygastrula,typical,D,N,mid,14,2024-05-07
3M14,earlygastrula,uncertain,D,N,mid,14,2024-05-07
3M14,earlygastrula,typical,D,N,mid,14,2024-05-07
3M14,earlygastrula,typical,D,N,mid,14,2024-05-07
3M14,earlygastrula,typical,D,N,mid,14,2024-05-07
3M14,earlygastrula,typical,D,N,mid,14,2024-05-07
3M14,earlygastrula,malformed,D,N,mid,14,2024-05-07
3M14,earlygastrula,typical,D,N,mid,14,2024-05-07
3M14,earlygastrula,typical,D,N,mid,14,2024-05-07
3M14,earlygastrula,malformed,D,N,mid,14,2024-05-07
3M14,earlygastrula,typical,D,N,mid,14,2024-05-07
3M4,cleavage,typical,D,N,mid,4,2024-05-07
3M4,morula,typical,D,N,mid,4,2024-05-07
3M4,egg,typical,D,N,mid,4,2024-05-07
3M4,morula,typical,D,N,mid,4,2024-05-07
3M4,egg,typical,D,N,mid,4,2024-05-07
3M4,egg,typical,D,N,mid,4,2024-05-07
3M4,morula,typical,D,N,mid,4,2024-05-07
3M4,morula,typical,D,N,mid,4,2024-05-07
3M4,cleavage,typical,D,N,mid,4,2024-05-07
3M4,morula,typical,D,N,mid,4,2024-05-07
3M4,cleavage,typical,D,N,mid,4,2024-05-07
3M4,cleavage,typical,D,N,mid,4,2024-05-07
3M4,morula,typical,D,N,mid,4,2024-05-07
3M4,egg,typical,D,N,mid,4,2024-05-07
3M4,cleavage,typical,D,N,mid,4,2024-05-07
3M4,egg,typical,D,N,mid,4,2024-05-07
3M4,morula,typical,D,N,mid,4,2024-05-07
3M4,cleavage,typical,D,N,mid,4,2024-05-07
3M4,cleavage,typical,D,N,mid,4,2024-05-07
3M4,egg,uncertain,D,N,mid,4,2024-05-07
3M4,egg,typical,D,N,mid,4,2024-05-07
3M4,egg,typical,D,N,mid,4,2024-05-07
3M4,egg,typical,D,N,mid,4,2024-05-07
3M4,egg,typical,D,N,mid,4,2024-05-07
3M4,egg,typical,D,N,mid,4,2024-05-07
3M4,egg,typical,D,N,mid,4,2024-05-07
3M4,morula,typical,D,N,mid,4,2024-05-07
3M4,egg,typical,D,N,mid,4,2024-05-07
3M9,prawnchip,typical,D,N,mid,9,2024-05-07
3M9,prawnchip,typical,D,N,mid,9,2024-05-07
3M9,prawnchip,typical,D,N,mid,9,2024-05-07
3M9,prawnchip,uncertain,D,N,mid,9,2024-05-07
4C14,prawnchip,typical,M,B,control,14,2024-05-07
4C14,earlygastrula,typical,M,B,control,14,2024-05-07
4C14,prawnchip,typical,M,B,control,14,2024-05-07
4C14,earlygastrula,typical,M,B,control,14,2024-05-07
4C14,prawnchip,typical,M,B,control,14,2024-05-07
4C14,prawnchip,typical,M,B,control,14,2024-05-07
4C14,prawnchip,typical,M,B,control,14,2024-05-07
4C14,earlygastrula,typical,M,B,control,14,2024-05-07
4C14,prawnchip,uncertain,M,B,control,14,2024-05-07
4C14,earlygastrula,malformed,M,B,control,14,2024-05-07
4C4,cleavage,typical,M,B,control,4,2024-05-07
4C4,morula,typical,M,B,control,4,2024-05-07
4C4,egg,typical,M,B,control,4,2024-05-07
4C4,cleavage,typical,M,B,control,4,2024-05-07
4C4,egg,typical,M,B,control,4,2024-05-07
4C4,egg,typical,M,B,control,4,2024-05-07
4C4,morula,typical,M,B,control,4,2024-05-07
4C4,morula,typical,M,B,control,4,2024-05-07
4C4,egg,typical,M,B,control,4,2024-05-07
4C4,morula,typical,M,B,control,4,2024-05-07
4C4,morula,malformed,M,B,control,4,2024-05-07
4C4,morula,typical,M,B,control,4,2024-05-07
4C4,morula,typical,M,B,control,4,2024-05-07
4C4,egg,malformed,M,B,control,4,2024-05-07
4C4,morula,uncertain,M,B,control,4,2024-05-07
4C4,cleavage,typical,M,B,control,4,2024-05-07
4C4,egg,typical,M,B,control,4,2024-05-07
4C4,egg,typical,M,B,control,4,2024-05-07
4C4,egg,typical,M,B,control,4,2024-05-07
4C4,egg,typical,M,B,control,4,2024-05-07
4C4,cleavage,typical,M,B,control,4,2024-05-07
4C4,egg,typical,M,B,control,4,2024-05-07
4C4,egg,typical,M,B,control,4,2024-05-07
4C4,egg,typical,M,B,control,4,2024-05-07
4C4,morula,typical,M,B,control,4,2024-05-07
4C4,cleavage,uncertain,M,B,control,4,2024-05-07
4C4,egg,malformed,M,B,control,4,2024-05-07
4C4,egg,typical,M,B,control,4,2024-05-07
4C4,egg,typical,M,B,control,4,2024-05-07
4C4,egg,typical,M,B,control,4,2024-05-07
4C9,prawnchip,uncertain,M,B,control,9,2024-05-07
4C9,prawnchip,uncertain,M,B,control,9,2024-05-07
4C9,prawnchip,typical,M,B,control,9,2024-05-07
4C9,prawnchip,typical,M,B,control,9,2024-05-07
4C9,prawnchip,typical,M,B,control,9,2024-05-07
4C9,prawnchip,typical,M,B,control,9,2024-05-07
4C9,prawnchip,typical,M,B,control,9,2024-05-07
4C9,prawnchip,uncertain,M,B,control,9,2024-05-07
4C9,prawnchip,malformed,M,B,control,9,2024-05-07
4C9,prawnchip,typical,M,B,control,9,2024-05-07
4C9,prawnchip,typical,M,B,control,9,2024-05-07
4C9,prawnchip,typical,M,B,control,9,2024-05-07
4C9,prawnchip,typical,M,B,control,9,2024-05-07
4C9,prawnchip,typical,M,B,control,9,2024-05-07
4C9,prawnchip,typical,M,B,control,9,2024-05-07
4C9,prawnchip,typical,M,B,control,9,2024-05-07
4C9,prawnchip,typical,M,B,control,9,2024-05-07
4H14,earlygastrula,typical,M,B,high,14,2024-05-07
4H14,egg,uncertain,M,B,high,14,2024-05-07
4H14,earlygastrula,typical,M,B,high,14,2024-05-07
4H14,earlygastrula,uncertain,M,B,high,14,2024-05-07
4H14,earlygastrula,uncertain,M,B,high,14,2024-05-07
4H14,earlygastrula,uncertain,M,B,high,14,2024-05-07
4H14,earlygastrula,typical,M,B,high,14,2024-05-07
4H14,prawnchip,typical,M,B,high,14,2024-05-07
4H14,earlygastrula,typical,M,B,high,14,2024-05-07
4H14,earlygastrula,typical,M,B,high,14,2024-05-07
4H4,egg,typical,M,B,high,4,2024-05-07
4H4,morula,typical,M,B,high,4,2024-05-07
4H4,morula,typical,M,B,high,4,2024-05-07
4H4,morula,typical,M,B,high,4,2024-05-07
4H4,egg,typical,M,B,high,4,2024-05-07
4H4,cleavage,typical,M,B,high,4,2024-05-07
4H4,morula,typical,M,B,high,4,2024-05-07
4H4,morula,typical,M,B,high,4,2024-05-07
4H4,egg,typical,M,B,high,4,2024-05-07
4H4,morula,typical,M,B,high,4,2024-05-07
4H4,cleavage,typical,M,B,high,4,2024-05-07
4H4,cleavage,typical,M,B,high,4,2024-05-07
4H4,egg,typical,M,B,high,4,2024-05-07
4H4,egg,typical,M,B,high,4,2024-05-07
4H4,egg,typical,M,B,high,4,2024-05-07
4H4,egg,typical,M,B,high,4,2024-05-07
4H4,egg,typical,M,B,high,4,2024-05-07
4H4,morula,typical,M,B,high,4,2024-05-07
4H4,cleavage,typical,M,B,high,4,2024-05-07
4H4,egg,typical,M,B,high,4,2024-05-07
4H4,egg,typical,M,B,high,4,2024-05-07
4H4,egg,typical,M,B,high,4,2024-05-07
4H4,egg,typical,M,B,high,4,2024-05-07
4H4,morula,typical,M,B,high,4,2024-05-07
4H4,egg,typical,M,B,high,4,2024-05-07
4H9,prawnchip,typical,M,B,high,9,2024-05-07
4H9,prawnchip,uncertain,M,B,high,9,2024-05-07
4H9,prawnchip,typical,M,B,high,9,2024-05-07
4H9,prawnchip,typical,M,B,high,9,2024-05-07
4L14,earlygastrula,typical,M,B,low,14,2024-05-07
4L14,earlygastrula,typical,M,B,low,14,2024-05-07
4L14,earlygastrula,typical,M,B,low,14,2024-05-07
4L14,earlygastrula,typical,M,B,low,14,2024-05-07
4L14,earlygastrula,typical,M,B,low,14,2024-05-07
4L14,earlygastrula,typical,M,B,low,14,2024-05-07
4L14,earlygastrula,uncertain,M,B,low,14,2024-05-07
4L14,earlygastrula,uncertain,M,B,low,14,2024-05-07
4L14,earlygastrula,typical,M,B,low,14,2024-05-07
4L14,earlygastrula,typical,M,B,low,14,2024-05-07
4L14,earlygastrula,typical,M,B,low,14,2024-05-07
4L14,earlygastrula,typical,M,B,low,14,2024-05-07
4L14,earlygastrula,typical,M,B,low,14,2024-05-07
4L14,earlygastrula,typical,M,B,low,14,2024-05-07
4L14,earlygastrula,typical,M,B,low,14,2024-05-07
4L4,cleavage,malformed,M,B,low,4,2024-05-07
4L4,morula,typical,M,B,low,4,2024-05-07
4L4,cleavage,typical,M,B,low,4,2024-05-07
4L4,morula,typical,M,B,low,4,2024-05-07
4L4,egg,typical,M,B,low,4,2024-05-07
4L4,cleavage,typical,M,B,low,4,2024-05-07
4L4,egg,typical,M,B,low,4,2024-05-07
4L4,egg,typical,M,B,low,4,2024-05-07
4L4,cleavage,typical,M,B,low,4,2024-05-07
4L4,egg,typical,M,B,low,4,2024-05-07
4L4,cleavage,typical,M,B,low,4,2024-05-07
4L4,egg,typical,M,B,low,4,2024-05-07
4L4,morula,typical,M,B,low,4,2024-05-07
4L4,morula,typical,M,B,low,4,2024-05-07
4L4,cleavage,typical,M,B,low,4,2024-05-07
4L4,cleavage,typical,M,B,low,4,2024-05-07
4L4,egg,typical,M,B,low,4,2024-05-07
4L4,egg,typical,M,B,low,4,2024-05-07
4L4,egg,typical,M,B,low,4,2024-05-07
4L4,egg,typical,M,B,low,4,2024-05-07
4L4,egg,typical,M,B,low,4,2024-05-07
4L4,egg,typical,M,B,low,4,2024-05-07
4L4,egg,typical,M,B,low,4,2024-05-07
4L4,egg,typical,M,B,low,4,2024-05-07
4L4,egg,typical,M,B,low,4,2024-05-07
4L4,morula,typical,M,B,low,4,2024-05-07
4L4,egg,typical,M,B,low,4,2024-05-07
4L4,cleavage,typical,M,B,low,4,2024-05-07
4L4,morula,typical,M,B,low,4,2024-05-07
4L4,egg,typical,M,B,low,4,2024-05-07
4L4,morula,typical,M,B,low,4,2024-05-07
4L4,morula,typical,M,B,low,4,2024-05-07
4L4,egg,typical,M,B,low,4,2024-05-07
4L4,morula,typical,M,B,low,4,2024-05-07
4L9,morula,uncertain,M,B,low,9,2024-05-07
4L9,prawnchip,typical,M,B,low,9,2024-05-07
4L9,prawnchip,uncertain,M,B,low,9,2024-05-07
4L9,prawnchip,typical,M,B,low,9,2024-05-07
4L9,prawnchip,malformed,M,B,low,9,2024-05-07
4L9,prawnchip,typical,M,B,low,9,2024-05-07
4M14,earlygastrula,typical,M,B,mid,14,2024-05-07
4M14,earlygastrula,typical,M,B,mid,14,2024-05-07
4M14,earlygastrula,typical,M,B,mid,14,2024-05-07
4M14,earlygastrula,typical,M,B,mid,14,2024-05-07
4M14,earlygastrula,typical,M,B,mid,14,2024-05-07
4M14,earlygastrula,uncertain,M,B,mid,14,2024-05-07
4M14,earlygastrula,typical,M,B,mid,14,2024-05-07
4M14,earlygastrula,typical,M,B,mid,14,2024-05-07
4M14,earlygastrula,typical,M,B,mid,14,2024-05-07
4M14,earlygastrula,typical,M,B,mid,14,2024-05-07
4M14,earlygastrula,typical,M,B,mid,14,2024-05-07
4M14,earlygastrula,typical,M,B,mid,14,2024-05-07
4M14,earlygastrula,typical,M,B,mid,14,2024-05-07
4M14,earlygastrula,typical,M,B,mid,14,2024-05-07
4M14,earlygastrula,typical,M,B,mid,14,2024-05-07
4M4,egg,typical,M,B,mid,4,2024-05-07
4M4,morula,typical,M,B,mid,4,2024-05-07
4M4,morula,typical,M,B,mid,4,2024-05-07
4M4,morula,typical,M,B,mid,4,2024-05-07
4M4,cleavage,typical,M,B,mid,4,2024-05-07
4M4,egg,typical,M,B,mid,4,2024-05-07
4M4,egg,typical,M,B,mid,4,2024-05-07
4M4,egg,typical,M,B,mid,4,2024-05-07
4M4,egg,typical,M,B,mid,4,2024-05-07
4M4,egg,typical,M,B,mid,4,2024-05-07
4M4,egg,typical,M,B,mid,4,2024-05-07
4M4,egg,typical,M,B,mid,4,2024-05-07
4M4,morula,typical,M,B,mid,4,2024-05-07
4M4,morula,typical,M,B,mid,4,2024-05-07
4M4,egg,typical,M,B,mid,4,2024-05-07
4M4,egg,typical,M,B,mid,4,2024-05-07
4M4,egg,typical,M,B,mid,4,2024-05-07
4M4,egg,typical,M,B,mid,4,2024-05-07
4M4,egg,typical,M,B,mid,4,2024-05-07
4M4,cleavage,typical,M,B,mid,4,2024-05-07
4M4,morula,typical,M,B,mid,4,2024-05-07
4M4,egg,typical,M,B,mid,4,2024-05-07
4M4,egg,typical,M,B,mid,4,2024-05-07
4M4,egg,typical,M,B,mid,4,2024-05-07
4M4,egg,typical,M,B,mid,4,2024-05-07
4M4,morula,typical,M,B,mid,4,2024-05-07
4M4,morula,typical,M,B,mid,4,2024-05-07
4M9,prawnchip,uncertain,M,B,mid,9,2024-05-07
4M9,prawnchip,typical,M,B,mid,9,2024-05-07
4M9,prawnchip,typical,M,B,mid,9,2024-05-07
4M9,prawnchip,typical,M,B,mid,9,2024-05-07
4M9,prawnchip,typical,M,B,mid,9,2024-05-07
4M9,prawnchip,typical,M,B,mid,9,2024-05-07
4M9,prawnchip,typical,M,B,mid,9,2024-05-07
4M9,prawnchip,uncertain,M,B,mid,9,2024-05-07
4M9,prawnchip,typical,M,B,mid,9,2024-05-07
4M9,prawnchip,typical,M,B,mid,9,2024-05-07
5C14,earlygastrula,typical,1-White,J/N,control,14,2024-05-07
5C14,earlygastrula,typical,1-White,J/N,control,14,2024-05-07
5C14,earlygastrula,typical,1-White,J/N,control,14,2024-05-07
5C14,earlygastrula,typical,1-White,J/N,control,14,2024-05-07
5C14,prawnchip,uncertain,1-White,J/N,control,14,2024-05-07
5C14,earlygastrula,typical,1-White,J/N,control,14,2024-05-07
5C14,earlygastrula,typical,1-White,J/N,control,14,2024-05-07
5C14,earlygastrula,typical,1-White,J/N,control,14,2024-05-07
5C14,prawnchip,uncertain,1-White,J/N,control,14,2024-05-07
5C14,earlygastrula,uncertain,1-White,J/N,control,14,2024-05-07
5C4,egg,typical,1-White,M,control,4,2024-05-07
5C4,egg,typical,1-White,M,control,4,2024-05-07
5C4,egg,typical,1-White,M,control,4,2024-05-07
5C4,egg,typical,1-White,M,control,4,2024-05-07
5C4,egg,typical,1-White,M,control,4,2024-05-07
5C4,egg,typical,1-White,M,control,4,2024-05-07
5C4,egg,typical,1-White,M,control,4,2024-05-07
5C4,egg,typical,1-White,M,control,4,2024-05-07
5C4,egg,typical,1-White,M,control,4,2024-05-07
5C4,egg,typical,1-White,M,control,4,2024-05-07
5C4,egg,typical,1-White,M,control,4,2024-05-07
5C4,egg,typical,1-White,M,control,4,2024-05-07
5C4,egg,typical,1-White,M,control,4,2024-05-07
5C4,egg,typical,1-White,M,control,4,2024-05-07
5C4,egg,typical,1-White,M,control,4,2024-05-07
5C4,egg,typical,1-White,M,control,4,2024-05-07
5C4,egg,typical,1-White,M,control,4,2024-05-07
5C4,egg,typical,1-White,M,control,4,2024-05-07
5C4,egg,typical,1-White,M,control,4,2024-05-07
5C4,egg,typical,1-White,M,control,4,2024-05-07
5C4,egg,typical,1-White,M,control,4,2024-05-07
5C4,egg,typical,1-White,M,control,4,2024-05-07
5C4,egg,typical,1-White,M,control,4,2024-05-07
5C4,egg,typical,1-White,M,control,4,2024-05-07
5C4,egg,typical,1-White,M,control,4,2024-05-07
5C4,egg,typical,1-White,M,control,4,2024-05-07
5C9,prawnchip,typical,1-White,M,control,9,2024-05-07
5C9,prawnchip,typical,1-White,M,control,9,2024-05-07
5H14,earlygastrula,typical,1-White,J/N,high,14,2024-05-07
5H14,prawnchip,uncertain,1-White,J/N,high,14,2024-05-07
5H14,prawnchip,uncertain,1-White,J/N,high,14,2024-05-07
5H4,egg,typical,1-White,M,high,4,2024-05-07
5H4,egg,typical,1-White,M,high,4,2024-05-07
5H4,egg,typical,1-White,M,high,4,2024-05-07
5H4,morula,typical,1-White,M,high,4,2024-05-07
5H4,egg,typical,1-White,M,high,4,2024-05-07
5H4,egg,typical,1-White,M,high,4,2024-05-07
5H4,egg,typical,1-White,M,high,4,2024-05-07
5H4,egg,typical,1-White,M,high,4,2024-05-07
5H4,egg,typical,1-White,M,high,4,2024-05-07
5H4,egg,typical,1-White,M,high,4,2024-05-07
5H4,egg,typical,1-White,M,high,4,2024-05-07
5H4,egg,typical,1-White,M,high,4,2024-05-07
5H4,egg,typical,1-White,M,high,4,2024-05-07
5H4,morula,typical,1-White,M,high,4,2024-05-07
5H4,morula,typical,1-White,M,high,4,2024-05-07
5H4,egg,typical,1-White,M,high,4,2024-05-07
5H4,egg,typical,1-White,M,high,4,2024-05-07
5H4,egg,typical,1-White,M,high,4,2024-05-07
5H4,egg,typical,1-White,M,high,4,2024-05-07
5H4,egg,typical,1-White,M,high,4,2024-05-07
5H4,egg,typical,1-White,M,high,4,2024-05-07
5H4,egg,typical,1-White,M,high,4,2024-05-07
5H4,egg,typical,1-White,M,high,4,2024-05-07
5H4,egg,typical,1-White,M,high,4,2024-05-07
5H4,morula,typical,1-White,M,high,4,2024-05-07
5H4,egg,typical,1-White,M,high,4,2024-05-07
5H9,prawnchip,malformed,1-White,J,high,9,2024-05-07
5H9,prawnchip,typical,1-White,J,high,9,2024-05-07
5H9,prawnchip,typical,1-White,J,high,9,2024-05-07
5H9,prawnchip,typical,1-White,J,high,9,2024-05-07
5H9,prawnchip,typical,1-White,J,high,9,2024-05-07
5H9,prawnchip,typical,1-White,J,high,9,2024-05-07
5H9,prawnchip,uncertain,1-White,J,high,9,2024-05-07
5H9,prawnchip,typical,1-White,J,high,9,2024-05-07
5H9,prawnchip,uncertain,1-White,J,high,9,2024-05-07
5H9,prawnchip,typical,1-White,J,high,9,2024-05-07
5H9,prawnchip,typical,1-White,J,high,9,2024-05-07
5H9,prawnchip,typical,1-White,J,high,9,2024-05-07
5H9,prawnchip,typical,1-White,J,high,9,2024-05-07
5H9,prawnchip,typical,1-White,J,high,9,2024-05-07
5H9,prawnchip,uncertain,1-White,J,high,9,2024-05-07
5L14,earlygastrula,uncertain,1-White,J/N,low,14,2024-05-07
5L14,earlygastrula,uncertain,1-White,J/N,low,14,2024-05-07
5L14,earlygastrula,typical,1-White,J/N,low,14,2024-05-07
5L14,earlygastrula,typical,1-White,J/N,low,14,2024-05-07
5L14,earlygastrula,uncertain,1-White,J/N,low,14,2024-05-07
5L14,earlygastrula,uncertain,1-White,J/N,low,14,2024-05-07
5L14,earlygastrula,typical,1-White,J/N,low,14,2024-05-07
5L14,earlygastrula,typical,1-White,J/N,low,14,2024-05-07
5L14,earlygastrula,typical,1-White,J/N,low,14,2024-05-07
5L14,earlygastrula,typical,1-White,J/N,low,14,2024-05-07
5L14,earlygastrula,uncertain,1-White,J/N,low,14,2024-05-07
5L14,earlygastrula,typical,1-White,J/N,low,14,2024-05-07
5L14,earlygastrula,typical,1-White,J/N,low,14,2024-05-07
5L14,earlygastrula,typical,1-White,J/N,low,14,2024-05-07
5L14,earlygastrula,typical,1-White,J/N,low,14,2024-05-07
5L14,earlygastrula,typical,1-White,J/N,low,14,2024-05-07
5L14,earlygastrula,typical,1-White,J/N,low,14,2024-05-07
5L4,egg,typical,1-White,M,low,4,2024-05-07
5L4,egg,typical,1-White,M,low,4,2024-05-07
5L4,egg,typical,1-White,M,low,4,2024-05-07
5L4,egg,typical,1-White,M,low,4,2024-05-07
5L4,egg,typical,1-White,M,low,4,2024-05-07
5L4,egg,typical,1-White,M,low,4,2024-05-07
5L4,egg,typical,1-White,M,low,4,2024-05-07
5L4,egg,typical,1-White,M,low,4,2024-05-07
5L4,cleavage,typical,1-White,M,low,4,2024-05-07
5L4,egg,typical,1-White,M,low,4,2024-05-07
5L4,egg,typical,1-White,M,low,4,2024-05-07
5L4,cleavage,typical,1-White,M,low,4,2024-05-07
5L4,egg,typical,1-White,M,low,4,2024-05-07
5L4,egg,typical,1-White,M,low,4,2024-05-07
5L4,cleavage,typical,1-White,M,low,4,2024-05-07
5L4,egg,typical,1-White,M,low,4,2024-05-07
5L4,egg,typical,1-White,M,low,4,2024-05-07
5L4,egg,typical,1-White,M,low,4,2024-05-07
5L4,cleavage,typical,1-White,M,low,4,2024-05-07
5L4,egg,typical,1-White,M,low,4,2024-05-07
5L4,egg,typical,1-White,M,low,4,2024-05-07
5L4,egg,typical,1-White,M,low,4,2024-05-07
5L4,egg,typical,1-White,M,low,4,2024-05-07
5L4,egg,typical,1-White,M,low,4,2024-05-07
5L4,egg,typical,1-White,M,low,4,2024-05-07
5L4,egg,typical,1-White,M,low,4,2024-05-07
5L4,egg,typical,1-White,M,low,4,2024-05-07
5L4,egg,typical,1-White,M,low,4,2024-05-07
5L4,egg,typical,1-White,M,low,4,2024-05-07
5L4,egg,typical,1-White,M,low,4,2024-05-07
5L9,prawnchip,uncertain,1-White,J,low,9,2024-05-07
5L9,prawnchip,typical,1-White,J,low,9,2024-05-07
5L9,prawnchip,typical,1-White,J,low,9,2024-05-07
5L9,prawnchip,uncertain,1-White,J,low,9,2024-05-07
5L9,prawnchip,typical,1-White,J,low,9,2024-05-07
5L9,prawnchip,typical,1-White,J,low,9,2024-05-07
5L9,prawnchip,uncertain,1-White,J,low,9,2024-05-07
5L9,prawnchip,typical,1-White,J,low,9,2024-05-07
5L9,prawnchip,malformed,1-White,J,low,9,2024-05-07
5L9,prawnchip,typical,1-White,J,low,9,2024-05-07
5L9,prawnchip,uncertain,1-White,J,low,9,2024-05-07
5L9,prawnchip,typical,1-White,J,low,9,2024-05-07
5L9,prawnchip,typical,1-White,J,low,9,2024-05-07
5L9,prawnchip,typical,1-White,J,low,9,2024-05-07
5M14,earlygastrula,typical,1-White,J/N,mid,14,2024-05-07
5M14,earlygastrula,typical,1-White,J/N,mid,14,2024-05-07
5M14,earlygastrula,typical,1-White,J/N,mid,14,2024-05-07
5M14,earlygastrula,typical,1-White,J/N,mid,14,2024-05-07
5M14,earlygastrula,typical,1-White,J/N,mid,14,2024-05-07
5M14,earlygastrula,typical,1-White,J/N,mid,14,2024-05-07
5M14,earlygastrula,uncertain,1-White,J/N,mid,14,2024-05-07
5M14,earlygastrula,typical,1-White,J/N,mid,14,2024-05-07
5M14,earlygastrula,typical,1-White,J/N,mid,14,2024-05-07
5M14,earlygastrula,typical,1-White,J/N,mid,14,2024-05-07
5M14,earlygastrula,typical,1-White,J/N,mid,14,2024-05-07
5M14,earlygastrula,typical,1-White,J/N,mid,14,2024-05-07
5M14,earlygastrula,typical,1-White,J/N,mid,14,2024-05-07
5M14,earlygastrula,uncertain,1-White,J/N,mid,14,2024-05-07
5M4,morula,typical,1-White,M,mid,4,2024-05-07
5M4,egg,typical,1-White,M,mid,4,2024-05-07
5M4,egg,typical,1-White,M,mid,4,2024-05-07
5M4,egg,typical,1-White,M,mid,4,2024-05-07
5M4,egg,typical,1-White,M,mid,4,2024-05-07
5M4,egg,typical,1-White,M,mid,4,2024-05-07
5M4,egg,typical,1-White,M,mid,4,2024-05-07
5M4,egg,typical,1-White,M,mid,4,2024-05-07
5M4,egg,typical,1-White,M,mid,4,2024-05-07
5M4,egg,typical,1-White,M,mid,4,2024-05-07
5M4,egg,typical,1-White,M,mid,4,2024-05-07
5M4,egg,typical,1-White,M,mid,4,2024-05-07
5M4,egg,typical,1-White,M,mid,4,2024-05-07
5M4,egg,typical,1-White,M,mid,4,2024-05-07
5M4,egg,typical,1-White,M,mid,4,2024-05-07
5M4,egg,typical,1-White,M,mid,4,2024-05-07
5M4,egg,typical,1-White,M,mid,4,2024-05-07
5M4,egg,typical,1-White,M,mid,4,2024-05-07
5M4,egg,typical,1-White,M,mid,4,2024-05-07
5M4,morula,typical,1-White,M,mid,4,2024-05-07
5M4,egg,typical,1-White,M,mid,4,2024-05-07
5M4,egg,typical,1-White,M,mid,4,2024-05-07
5M4,egg,typical,1-White,M,mid,4,2024-05-07
5M4,egg,typical,1-White,M,mid,4,2024-05-07
5M4,egg,typical,1-White,M,mid,4,2024-05-07
5M4,egg,typical,1-White,M,mid,4,2024-05-07
5M9,prawnchip,uncertain,1-White,J,mid,9,2024-05-07
5M9,prawnchip,typical,1-White,J,mid,9,2024-05-07
5M9,prawnchip,uncertain,1-White,J,mid,9,2024-05-07
5M9,prawnchip,malformed,1-White,J,mid,9,2024-05-07
5M9,prawnchip,typical,1-White,J,mid,9,2024-05-07
5M9,prawnchip,typical,1-White,J,mid,9,2024-05-07
5M9,prawnchip,typical,1-White,J,mid,9,2024-05-07
5M9,morula,malformed,1-White,J,mid,9,2024-05-07
5M9,prawnchip,typical,1-White,J,mid,9,2024-05-07
5M9,prawnchip,typical,1-White,J,mid,9,2024-05-07
5M9,prawnchip,typical,1-White,J,mid,9,2024-05-07
5M9,prawnchip,typical,1-White,J,mid,9,2024-05-07
5M9,prawnchip,typical,1-White,J,mid,9,2024-05-07
5M9,egg,malformed,1-White,J,mid,9,2024-05-07
5M9,prawnchip,typical,1-White,J,mid,9,2024-05-07
6C14,earlygastrula,typical,1-White,E,control,14,2024-06-07
6C14,earlygastrula,typical,1-White,E,control,14,2024-06-07
6C14,earlygastrula,typical,1-White,E,control,14,2024-06-07
6C14,earlygastrula,typical,1-White,E,control,14,2024-06-07
6C14,earlygastrula,typical,1-White,E,control,14,2024-06-07
6C14,earlygastrula,typical,1-White,E,control,14,2024-06-07
6C14,earlygastrula,typical,1-White,E,control,14,2024-06-07
6C14,earlygastrula,typical,1-White,E,control,14,2024-06-07
6C14,earlygastrula,typical,1-White,E,control,14,2024-06-07
6C14,earlygastrula,typical,1-White,E,control,14,2024-06-07
6C14,earlygastrula,typical,1-White,E,control,14,2024-06-07
6C14,earlygastrula,typical,1-White,E,control,14,2024-06-07
6C14,earlygastrula,typical,1-White,E,control,14,2024-06-07
6C14,earlygastrula,typical,1-White,E,control,14,2024-06-07
6C14,earlygastrula,typical,1-White,E,control,14,2024-06-07
6C14,earlygastrula,typical,1-White,E,control,14,2024-06-07
6C14,earlygastrula,uncertain,1-White,E,control,14,2024-06-07
6C4,egg,typical,1-White,E,control,4,2024-06-07
6C4,egg,typical,1-White,E,control,4,2024-06-07
6C4,egg,typical,1-White,E,control,4,2024-06-07
6C4,egg,typical,1-White,E,control,4,2024-06-07
6C4,egg,typical,1-White,E,control,4,2024-06-07
6C4,egg,typical,1-White,E,control,4,2024-06-07
6C4,egg,typical,1-White,E,control,4,2024-06-07
6C4,egg,typical,1-White,E,control,4,2024-06-07
6C4,egg,typical,1-White,E,control,4,2024-06-07
6C4,egg,typical,1-White,E,control,4,2024-06-07
6C4,egg,typical,1-White,E,control,4,2024-06-07
6C4,egg,typical,1-White,E,control,4,2024-06-07
6C4,egg,typical,1-White,E,control,4,2024-06-07
6C4,egg,typical,1-White,E,control,4,2024-06-07
6C4,egg,typical,1-White,E,control,4,2024-06-07
6C4,egg,typical,1-White,E,control,4,2024-06-07
6C4,egg,typical,1-White,E,control,4,2024-06-07
6C4,egg,typical,1-White,E,control,4,2024-06-07
6C4,egg,typical,1-White,E,control,4,2024-06-07
6C4,egg,typical,1-White,E,control,4,2024-06-07
6C4,egg,typical,1-White,E,control,4,2024-06-07
6C4,egg,typical,1-White,E,control,4,2024-06-07
6C4,egg,typical,1-White,E,control,4,2024-06-07
6C4,egg,typical,1-White,E,control,4,2024-06-07
6C4,egg,typical,1-White,E,control,4,2024-06-07
6C4,egg,typical,1-White,E,control,4,2024-06-07
6C4,egg,typical,1-White,E,control,4,2024-06-07
6C4,egg,typical,1-White,E,control,4,2024-06-07
6C4,egg,typical,1-White,E,control,4,2024-06-07
6C4,egg,typical,1-White,E,control,4,2024-06-07
6C4,egg,typical,1-White,E,control,4,2024-06-07
6C4,egg,typical,1-White,E,control,4,2024-06-07
6C9,prawnchip,uncertain,1-White,E,control,9,2024-06-07
6C9,prawnchip,typical,1-White,E,control,9,2024-06-07
6C9,prawnchip,typical,1-White,E,control,9,2024-06-07
6C9,prawnchip,typical,1-White,E,control,9,2024-06-07
6C9,prawnchip,typical,1-White,E,control,9,2024-06-07
6C9,prawnchip,typical,1-White,E,control,9,2024-06-07
6C9,prawnchip,typical,1-White,E,control,9,2024-06-07
6C9,egg,typical,1-White,E,control,9,2024-06-07
6C9,prawnchip,typical,1-White,E,control,9,2024-06-07
6C9,egg,uncertain,1-White,E,control,9,2024-06-07
6C9,egg,uncertain,1-White,E,control,9,2024-06-07
6C9,morula,typical,1-White,E,control,9,2024-06-07
6C9,prawnchip,uncertain,1-White,E,control,9,2024-06-07
6C9,prawnchip,typical,1-White,E,control,9,2024-06-07
6H14,earlygastrula,typical,1-White,E,high,14,2024-06-07
6H14,earlygastrula,typical,1-White,E,high,14,2024-06-07
6H14,earlygastrula,typical,1-White,E,high,14,2024-06-07
6H14,earlygastrula,typical,1-White,E,high,14,2024-06-07
6H14,prawnchip,malformed,1-White,E,high,14,2024-06-07
6H14,earlygastrula,typical,1-White,E,high,14,2024-06-07
6H14,earlygastrula,typical,1-White,E,high,14,2024-06-07
6H14,earlygastrula,uncertain,1-White,E,high,14,2024-06-07
6H14,earlygastrula,typical,1-White,E,high,14,2024-06-07
6H14,earlygastrula,typical,1-White,E,high,14,2024-06-07
6H14,earlygastrula,typical,1-White,E,high,14,2024-06-07
6H14,prawnchip,malformed,1-White,E,high,14,2024-06-07
6H14,earlygastrula,typical,1-White,E,high,14,2024-06-07
6H14,earlygastrula,typical,1-White,E,high,14,2024-06-07
6H4,egg,typical,1-White,E,high,4,2024-06-07
6H4,egg,typical,1-White,E,high,4,2024-06-07
6H4,egg,typical,1-White,E,high,4,2024-06-07
6H4,egg,typical,1-White,E,high,4,2024-06-07
6H4,egg,typical,1-White,E,high,4,2024-06-07
6H4,egg,typical,1-White,E,high,4,2024-06-07
6H4,egg,typical,1-White,E,high,4,2024-06-07
6H4,egg,typical,1-White,E,high,4,2024-06-07
6H4,egg,typical,1-White,E,high,4,2024-06-07
6H4,egg,typical,1-White,E,high,4,2024-06-07
6H4,egg,typical,1-White,E,high,4,2024-06-07
6H4,egg,typical,1-White,E,high,4,2024-06-07
6H4,egg,typical,1-White,E,high,4,2024-06-07
6H4,egg,typical,1-White,E,high,4,2024-06-07
6H4,egg,typical,1-White,E,high,4,2024-06-07
6H4,egg,typical,1-White,E,high,4,2024-06-07
6H4,egg,typical,1-White,E,high,4,2024-06-07
6H4,egg,typical,1-White,E,high,4,2024-06-07
6H4,egg,typical,1-White,E,high,4,2024-06-07
6H4,egg,typical,1-White,E,high,4,2024-06-07
6H4,egg,typical,1-White,E,high,4,2024-06-07
6H4,egg,typical,1-White,E,high,4,2024-06-07
6H4,egg,typical,1-White,E,high,4,2024-06-07
6H4,egg,typical,1-White,E,high,4,2024-06-07
6H4,egg,typical,1-White,E,high,4,2024-06-07
6H4,egg,typical,1-White,E,high,4,2024-06-07
6H4,egg,typical,1-White,E,high,4,2024-06-07
6H9,prawnchip,typical,1-White,E,high,9,2024-06-07
6H9,prawnchip,typical,1-White,E,high,9,2024-06-07
6H9,prawnchip,typical,1-White,E,high,9,2024-06-07
6H9,prawnchip,typical,1-White,E,high,9,2024-06-07
6H9,egg,uncertain,1-White,E,high,9,2024-06-07
6H9,prawnchip,typical,1-White,E,high,9,2024-06-07
6H9,egg,uncertain,1-White,E,high,9,2024-06-07
6H9,prawnchip,typical,1-White,E,high,9,2024-06-07
6H9,egg,typical,1-White,E,high,9,2024-06-07
6H9,egg,typical,1-White,E,high,9,2024-06-07
6H9,egg,typical,1-White,E,high,9,2024-06-07
6H9,egg,typical,1-White,E,high,9,2024-06-07
6H9,egg,uncertain,1-White,E,high,9,2024-06-07
6H9,egg,uncertain,1-White,E,high,9,2024-06-07
6H9,egg,uncertain,1-White,E,high,9,2024-06-07
6H9,egg,typical,1-White,E,high,9,2024-06-07
6H9,prawnchip,typical,1-White,E,high,9,2024-06-07
6H9,egg,typical,1-White,E,high,9,2024-06-07
6H9,egg,uncertain,1-White,E,high,9,2024-06-07
6H9,egg,uncertain,1-White,E,high,9,2024-06-07
6H9,prawnchip,uncertain,1-White,E,high,9,2024-06-07
6H9,prawnchip,typical,1-White,E,high,9,2024-06-07
6H9,egg,typical,1-White,E,high,9,2024-06-07
6L14,earlygastrula,typical,1-White,E,low,14,2024-06-07
6L14,earlygastrula,typical,1-White,E,low,14,2024-06-07
6L14,earlygastrula,typical,1-White,E,low,14,2024-06-07
6L14,earlygastrula,typical,1-White,E,low,14,2024-06-07
6L14,earlygastrula,typical,1-White,E,low,14,2024-06-07
6L14,earlygastrula,typical,1-White,E,low,14,2024-06-07
6L14,earlygastrula,typical,1-White,E,low,14,2024-06-07
6L14,earlygastrula,typical,1-White,E,low,14,2024-06-07
6L14,earlygastrula,uncertain,1-White,E,low,14,2024-06-07
6L14,earlygastrula,typical,1-White,E,low,14,2024-06-07
6L14,earlygastrula,typical,1-White,E,low,14,2024-06-07
6L14,earlygastrula,typical,1-White,E,low,14,2024-06-07
6L14,earlygastrula,typical,1-White,E,low,14,2024-06-07
6L14,earlygastrula,typical,1-White,E,low,14,2024-06-07
6L14,earlygastrula,typical,1-White,E,low,14,2024-06-07
6L14,earlygastrula,typical,1-White,E,low,14,2024-06-07
6L4,egg,typical,1-White,E,low,4,2024-06-07
6L4,egg,typical,1-White,E,low,4,2024-06-07
6L4,egg,typical,1-White,E,low,4,2024-06-07
6L4,egg,typical,1-White,E,low,4,2024-06-07
6L4,egg,typical,1-White,E,low,4,2024-06-07
6L4,egg,typical,1-White,E,low,4,2024-06-07
6L4,egg,typical,1-White,E,low,4,2024-06-07
6L4,egg,typical,1-White,E,low,4,2024-06-07
6L4,egg,typical,1-White,E,low,4,2024-06-07
6L4,egg,typical,1-White,E,low,4,2024-06-07
6L4,egg,typical,1-White,E,low,4,2024-06-07
6L4,egg,typical,1-White,E,low,4,2024-06-07
6L4,egg,typical,1-White,E,low,4,2024-06-07
6L4,egg,typical,1-White,E,low,4,2024-06-07
6L4,egg,typical,1-White,E,low,4,2024-06-07
6L4,egg,typical,1-White,E,low,4,2024-06-07
6L4,egg,typical,1-White,E,low,4,2024-06-07
6L4,egg,typical,1-White,E,low,4,2024-06-07
6L4,egg,typical,1-White,E,low,4,2024-06-07
6L4,egg,typical,1-White,E,low,4,2024-06-07
6L4,egg,typical,1-White,E,low,4,2024-06-07
6L4,egg,typical,1-White,E,low,4,2024-06-07
6L4,egg,typical,1-White,E,low,4,2024-06-07
6L4,egg,typical,1-White,E,low,4,2024-06-07
6L4,egg,typical,1-White,E,low,4,2024-06-07
6L4,egg,typical,1-White,E,low,4,2024-06-07
6L4,egg,typical,1-White,E,low,4,2024-06-07
6L4,egg,typical,1-White,E,low,4,2024-06-07
6L4,egg,typical,1-White,E,low,4,2024-06-07
6L4,egg,typical,1-White,E,low,4,2024-06-07
6L4,egg,typical,1-White,E,low,4,2024-06-07
6L4,egg,typical,1-White,E,low,4,2024-06-07
6L4,egg,uncertain,1-White,E,low,4,2024-06-07
6L4,egg,typical,1-White,E,low,4,2024-06-07
6L9,prawnchip,typical,1-White,E,low,9,2024-06-07
6L9,prawnchip,typical,1-White,E,low,9,2024-06-07
6L9,prawnchip,typical,1-White,E,low,9,2024-06-07
6L9,prawnchip,typical,1-White,E,low,9,2024-06-07
6L9,prawnchip,typical,1-White,E,low,9,2024-06-07
6L9,prawnchip,typical,1-White,E,low,9,2024-06-07
6L9,prawnchip,typical,1-White,E,low,9,2024-06-07
6L9,prawnchip,typical,1-White,E,low,9,2024-06-07
6L9,prawnchip,typical,1-White,E,low,9,2024-06-07
6L9,prawnchip,typical,1-White,E,low,9,2024-06-07
6L9,prawnchip,typical,1-White,E,low,9,2024-06-07
6L9,prawnchip,typical,1-White,E,low,9,2024-06-07
6L9,prawnchip,typical,1-White,E,low,9,2024-06-07
6L9,prawnchip,typical,1-White,E,low,9,2024-06-07
6L9,prawnchip,typical,1-White,E,low,9,2024-06-07
6L9,prawnchip,typical,1-White,E,low,9,2024-06-07
6L9,morula,typical,1-White,E,low,9,2024-06-07
6L9,morula,typical,1-White,E,low,9,2024-06-07
6L9,prawnchip,typical,1-White,E,low,9,2024-06-07
6L9,prawnchip,typical,1-White,E,low,9,2024-06-07
6M14,earlygastrula,typical,1-White,E,mid,14,2024-06-07
6M14,earlygastrula,typical,1-White,E,mid,14,2024-06-07
6M14,earlygastrula,malformed,1-White,E,mid,14,2024-06-07
6M14,earlygastrula,typical,1-White,E,mid,14,2024-06-07
6M14,earlygastrula,typical,1-White,E,mid,14,2024-06-07
6M14,earlygastrula,typical,1-White,E,mid,14,2024-06-07
6M14,earlygastrula,malformed,1-White,E,mid,14,2024-06-07
6M14,earlygastrula,typical,1-White,E,mid,14,2024-06-07
6M14,earlygastrula,typical,1-White,E,mid,14,2024-06-07
6M4,egg,typical,1-White,E,mid,4,2024-06-07
6M4,egg,typical,1-White,E,mid,4,2024-06-07
6M4,egg,typical,1-White,E,mid,4,2024-06-07
6M4,egg,typical,1-White,E,mid,4,2024-06-07
6M4,egg,typical,1-White,E,mid,4,2024-06-07
6M4,egg,typical,1-White,E,mid,4,2024-06-07
6M4,egg,uncertain,1-White,E,mid,4,2024-06-07
6M4,egg,typical,1-White,E,mid,4,2024-06-07
6M4,egg,typical,1-White,E,mid,4,2024-06-07
6M4,egg,typical,1-White,E,mid,4,2024-06-07
6M4,egg,typical,1-White,E,mid,4,2024-06-07
6M4,egg,typical,1-White,E,mid,4,2024-06-07
6M4,egg,typical,1-White,E,mid,4,2024-06-07
6M4,egg,typical,1-White,E,mid,4,2024-06-07
6M4,egg,typical,1-White,E,mid,4,2024-06-07
6M4,egg,typical,1-White,E,mid,4,2024-06-07
6M4,egg,uncertain,1-White,E,mid,4,2024-06-07
6M9,prawnchip,typical,1-White,E,mid,9,2024-06-07
6M9,prawnchip,typical,1-White,E,mid,9,2024-06-07
6M9,prawnchip,typical,1-White,E,mid,9,2024-06-07
6M9,prawnchip,typical,1-White,E,mid,9,2024-06-07
6M9,prawnchip,typical,1-White,E,mid,9,2024-06-07
6M9,prawnchip,typical,1-White,E,mid,9,2024-06-07
6M9,prawnchip,typical,1-White,E,mid,9,2024-06-07
6M9,prawnchip,typical,1-White,E,mid,9,2024-06-07
6M9,prawnchip,typical,1-White,E,mid,9,2024-06-07
6M9,prawnchip,typical,1-White,E,mid,9,2024-06-07
6M9,prawnchip,uncertain,1-White,E,mid,9,2024-06-07
6M9,egg,uncertain,1-White,E,mid,9,2024-06-07
6M9,egg,typical,1-White,E,mid,9,2024-06-07
6M9,prawnchip,typical,1-White,E,mid,9,2024-06-07
6M9,prawnchip,typical,1-White,E,mid,9,2024-06-07
6M9,egg,typical,1-White,E,mid,9,2024-06-07
6M9,prawnchip,typical,1-White,E,mid,9,2024-06-07
6M9,prawnchip,uncertain,1-White,E,mid,9,2024-06-07
6M9,prawnchip,typical,1-White,E,mid,9,2024-06-07
6M9,prawnchip,typical,1-White,E,mid,9,2024-06-07
6M9,prawnchip,uncertain,1-White,E,mid,9,2024-06-07
6M9,egg,uncertain,1-White,E,mid,9,2024-06-07
6M9,prawnchip,typical,1-White,E,mid,9,2024-06-07
6M9,morula,typical,1-White,E,mid,9,2024-06-07
6M9,morula,typical,1-White,E,mid,9,2024-06-07
6M9,egg,typical,1-White,E,mid,9,2024-06-07
6M9,egg,uncertain,1-White,E,mid,9,2024-06-07
6M9,prawnchip,typical,1-White,E,mid,9,2024-06-07
7C14,earlygastrula,typical,H,M,control,14,2024-06-07
7C14,earlygastrula,malformed,H,M,control,14,2024-06-07
7C14,earlygastrula,typical,H,M,control,14,2024-06-07
7C14,earlygastrula,malformed,H,M,control,14,2024-06-07
7C14,earlygastrula,typical,H,M,control,14,2024-06-07
7C14,earlygastrula,typical,H,M,control,14,2024-06-07
7C14,morula,uncertain,H,M,control,14,2024-06-07
7C4,egg,typical,H,M,control,4,2024-06-07
7C4,egg,typical,H,M,control,4,2024-06-07
7C4,egg,typical,H,M,control,4,2024-06-07
7C4,egg,typical,H,M,control,4,2024-06-07
7C4,egg,typical,H,M,control,4,2024-06-07
7C4,egg,typical,H,M,control,4,2024-06-07
7C4,egg,typical,H,M,control,4,2024-06-07
7C4,egg,typical,H,M,control,4,2024-06-07
7C4,egg,typical,H,M,control,4,2024-06-07
7C4,egg,typical,H,M,control,4,2024-06-07
7C4,egg,typical,H,M,control,4,2024-06-07
7C4,egg,typical,H,M,control,4,2024-06-07
7C4,egg,typical,H,M,control,4,2024-06-07
7C4,egg,typical,H,M,control,4,2024-06-07
7C4,egg,typical,H,M,control,4,2024-06-07
7C4,egg,typical,H,M,control,4,2024-06-07
7C4,egg,typical,H,M,control,4,2024-06-07
7C4,egg,typical,H,M,control,4,2024-06-07
7C4,egg,typical,H,M,control,4,2024-06-07
7C4,egg,typical,H,M,control,4,2024-06-07
7C4,egg,typical,H,M,control,4,2024-06-07
7C4,egg,typical,H,M,control,4,2024-06-07
7C4,egg,typical,H,M,control,4,2024-06-07
7C4,egg,typical,H,M,control,4,2024-06-07
7C4,egg,typical,H,M,control,4,2024-06-07
7C9,prawnchip,uncertain,H,M,control,9,2024-06-07
7C9,morula,typical,H,M,control,9,2024-06-07
7C9,egg,uncertain,H,M,control,9,2024-06-07
7C9,morula,typical,H,M,control,9,2024-06-07
7C9,morula,typical,H,M,control,9,2024-06-07
7C9,egg,uncertain,H,M,control,9,2024-06-07
7C9,egg,uncertain,H,M,control,9,2024-06-07
7C9,morula,typical,H,M,control,9,2024-06-07
7C9,morula,typical,H,M,control,9,2024-06-07
7C9,prawnchip,typical,H,M,control,9,2024-06-07
7C9,egg,uncertain,H,M,control,9,2024-06-07
7C9,morula,typical,H,M,control,9,2024-06-07
7C9,egg,uncertain,H,M,control,9,2024-06-07
7H14,earlygastrula,typical,H,M,high,14,2024-06-07
7H14,earlygastrula,typical,H,M,high,14,2024-06-07
7H14,earlygastrula,typical,H,M,high,14,2024-06-07
7H14,earlygastrula,typical,H,M,high,14,2024-06-07
7H14,earlygastrula,typical,H,M,high,14,2024-06-07
7H14,earlygastrula,uncertain,H,M,high,14,2024-06-07
7H14,earlygastrula,typical,H,M,high,14,2024-06-07
7H14,earlygastrula,typical,H,M,high,14,2024-06-07
7H14,earlygastrula,typical,H,M,high,14,2024-06-07
7H14,earlygastrula,typical,H,M,high,14,2024-06-07
7H4,egg,typical,H,M,high,4,2024-06-07
7H4,egg,typical,H,M,high,4,2024-06-07
7H4,egg,typical,H,M,high,4,2024-06-07
7H4,egg,typical,H,M,high,4,2024-06-07
7H4,egg,typical,H,M,high,4,2024-06-07
7H4,egg,typical,H,M,high,4,2024-06-07
7H4,egg,typical,H,M,high,4,2024-06-07
7H4,egg,typical,H,M,high,4,2024-06-07
7H4,egg,typical,H,M,high,4,2024-06-07
7H4,egg,typical,H,M,high,4,2024-06-07
7H4,egg,typical,H,M,high,4,2024-06-07
7H4,egg,typical,H,M,high,4,2024-06-07
7H4,egg,typical,H,M,high,4,2024-06-07
7H4,egg,typical,H,M,high,4,2024-06-07
7H4,egg,typical,H,M,high,4,2024-06-07
7H4,egg,typical,H,M,high,4,2024-06-07
7H4,egg,typical,H,M,high,4,2024-06-07
7H4,egg,typical,H,M,high,4,2024-06-07
7H4,egg,typical,H,M,high,4,2024-06-07
7H4,egg,typical,H,M,high,4,2024-06-07
7H4,egg,typical,H,M,high,4,2024-06-07
7H4,egg,typical,H,M,high,4,2024-06-07
7H4,egg,typical,H,M,high,4,2024-06-07
7H4,egg,typical,H,M,high,4,2024-06-07
7H4,egg,typical,H,M,high,4,2024-06-07
7H4,egg,typical,H,M,high,4,2024-06-07
7H4,egg,typical,H,M,high,4,2024-06-07
7H4,egg,typical,H,M,high,4,2024-06-07
7H4,egg,typical,H,M,high,4,2024-06-07
7H4,egg,typical,H,M,high,4,2024-06-07
7H4,egg,typical,H,M,high,4,2024-06-07
7H9,NA,NA,H,M,high,9,2024-06-07
7L14,earlygastrula,uncertain,H,M,low,14,2024-06-07
7L14,earlygastrula,typical,H,M,low,14,2024-06-07
7L14,earlygastrula,typical,H,M,low,14,2024-06-07
7L14,earlygastrula,uncertain,H,M,low,14,2024-06-07
7L14,earlygastrula,typical,H,M,low,14,2024-06-07
7L14,earlygastrula,typical,H,M,low,14,2024-06-07
7L14,earlygastrula,typical,H,M,low,14,2024-06-07
7L14,earlygastrula,typical,H,M,low,14,2024-06-07
7L14,earlygastrula,uncertain,H,M,low,14,2024-06-07
7L14,earlygastrula,typical,H,M,low,14,2024-06-07
7L14,earlygastrula,typical,H,M,low,14,2024-06-07
7L14,earlygastrula,uncertain,H,M,low,14,2024-06-07
7L14,earlygastrula,typical,H,M,low,14,2024-06-07
7L14,earlygastrula,typical,H,M,low,14,2024-06-07
7L14,earlygastrula,typical,H,M,low,14,2024-06-07
7L4,egg,typical,H,M,low,4,2024-06-07
7L4,egg,typical,H,M,low,4,2024-06-07
7L4,egg,typical,H,M,low,4,2024-06-07
7L4,egg,typical,H,M,low,4,2024-06-07
7L4,egg,typical,H,M,low,4,2024-06-07
7L4,egg,typical,H,M,low,4,2024-06-07
7L4,egg,typical,H,M,low,4,2024-06-07
7L4,egg,typical,H,M,low,4,2024-06-07
7L4,egg,typical,H,M,low,4,2024-06-07
7L4,egg,typical,H,M,low,4,2024-06-07
7L4,egg,typical,H,M,low,4,2024-06-07
7L4,egg,typical,H,M,low,4,2024-06-07
7L4,egg,typical,H,M,low,4,2024-06-07
7L4,egg,typical,H,M,low,4,2024-06-07
7L4,egg,typical,H,M,low,4,2024-06-07
7L4,egg,typical,H,M,low,4,2024-06-07
7L4,egg,typical,H,M,low,4,2024-06-07
7L4,egg,typical,H,M,low,4,2024-06-07
7L4,egg,typical,H,M,low,4,2024-06-07
7L4,egg,typical,H,M,low,4,2024-06-07
7L4,egg,typical,H,M,low,4,2024-06-07
7L4,egg,typical,H,M,low,4,2024-06-07
7L4,egg,typical,H,M,low,4,2024-06-07
7L4,egg,typical,H,M,low,4,2024-06-07
7L4,egg,typical,H,M,low,4,2024-06-07
7L4,egg,typical,H,M,low,4,2024-06-07
7L9,morula,typical,H,M,low,9,2024-06-07
7L9,prawnchip,uncertain,H,M,low,9,2024-06-07
7L9,prawnchip,typical,H,M,low,9,2024-06-07
7L9,prawnchip,typical,H,M,low,9,2024-06-07
7L9,prawnchip,typical,H,M,low,9,2024-06-07
7M14,earlygastrula,typical,H,M,mid,14,2024-06-07
7M14,earlygastrula,typical,H,M,mid,14,2024-06-07
7M14,earlygastrula,malformed,H,M,mid,14,2024-06-07
7M14,earlygastrula,typical,H,M,mid,14,2024-06-07
7M14,earlygastrula,typical,H,M,mid,14,2024-06-07
7M14,earlygastrula,typical,H,M,mid,14,2024-06-07
7M14,earlygastrula,uncertain,H,M,mid,14,2024-06-07
7M14,earlygastrula,typical,H,M,mid,14,2024-06-07
7M14,earlygastrula,typical,H,M,mid,14,2024-06-07
7M14,earlygastrula,typical,H,M,mid,14,2024-06-07
7M14,earlygastrula,uncertain,H,M,mid,14,2024-06-07
7M14,earlygastrula,typical,H,M,mid,14,2024-06-07
7M4,egg,typical,H,M,mid,4,2024-06-07
7M4,egg,typical,H,M,mid,4,2024-06-07
7M4,egg,typical,H,M,mid,4,2024-06-07
7M4,egg,typical,H,M,mid,4,2024-06-07
7M4,egg,typical,H,M,mid,4,2024-06-07
7M4,egg,typical,H,M,mid,4,2024-06-07
7M4,egg,typical,H,M,mid,4,2024-06-07
7M4,egg,typical,H,M,mid,4,2024-06-07
7M4,egg,typical,H,M,mid,4,2024-06-07
7M4,egg,typical,H,M,mid,4,2024-06-07
7M4,egg,typical,H,M,mid,4,2024-06-07
7M4,egg,typical,H,M,mid,4,2024-06-07
7M4,egg,typical,H,M,mid,4,2024-06-07
7M4,egg,typical,H,M,mid,4,2024-06-07
7M4,egg,typical,H,M,mid,4,2024-06-07
7M4,egg,typical,H,M,mid,4,2024-06-07
7M4,egg,typical,H,M,mid,4,2024-06-07
7M4,egg,typical,H,M,mid,4,2024-06-07
7M4,egg,typical,H,M,mid,4,2024-06-07
7M4,egg,typical,H,M,mid,4,2024-06-07
7M4,egg,typical,H,M,mid,4,2024-06-07
7M4,egg,typical,H,M,mid,4,2024-06-07
7M4,egg,typical,H,M,mid,4,2024-06-07
7M4,egg,typical,H,M,mid,4,2024-06-07
7M4,egg,typical,H,M,mid,4,2024-06-07
7M4,egg,typical,H,M,mid,4,2024-06-07
7M4,egg,typical,H,M,mid,4,2024-06-07
7M4,egg,typical,H,M,mid,4,2024-06-07
7M4,egg,typical,H,M,mid,4,2024-06-07
7M9,prawnchip,typical,H,M,mid,9,2024-06-07
7M9,prawnchip,typical,H,M,mid,9,2024-06-07
7M9,prawnchip,typical,H,M,mid,9,2024-06-07
7M9,prawnchip,typical,H,M,mid,9,2024-06-07
7M9,prawnchip,typical,H,M,mid,9,2024-06-07
7M9,prawnchip,typical,H,M,mid,9,2024-06-07
7M9,prawnchip,uncertain,H,M,mid,9,2024-06-07
7M9,prawnchip,typical,H,M,mid,9,2024-06-07
7M9,prawnchip,malformed,H,M,mid,9,2024-06-07
7M9,prawnchip,typical,H,M,mid,9,2024-06-07
7M9,morula,typical,H,M,mid,9,2024-06-07
7M9,prawnchip,typical,H,M,mid,9,2024-06-07
8C14,earlygastrula,typical,J,G,control,14,2024-06-07
8C14,earlygastrula,typical,J,G,control,14,2024-06-07
8C14,earlygastrula,typical,J,G,control,14,2024-06-07
8C14,earlygastrula,typical,J,G,control,14,2024-06-07
8C14,earlygastrula,typical,J,G,control,14,2024-06-07
8C14,earlygastrula,typical,J,G,control,14,2024-06-07
8C4,cleavage,typical,J,G,control,4,2024-06-07
8C4,cleavage,typical,J,G,control,4,2024-06-07
8C4,egg,typical,J,G,control,4,2024-06-07
8C4,cleavage,typical,J,G,control,4,2024-06-07
8C4,morula,typical,J,G,control,4,2024-06-07
8C4,morula,typical,J,G,control,4,2024-06-07
8C4,egg,typical,J,G,control,4,2024-06-07
8C4,morula,typical,J,G,control,4,2024-06-07
8C4,cleavage,typical,J,G,control,4,2024-06-07
8C4,morula,typical,J,G,control,4,2024-06-07
8C4,morula,typical,J,G,control,4,2024-06-07
8C4,egg,typical,J,G,control,4,2024-06-07
8C4,egg,typical,J,G,control,4,2024-06-07
8C4,cleavage,typical,J,G,control,4,2024-06-07
8C4,cleavage,typical,J,G,control,4,2024-06-07
8C4,morula,typical,J,G,control,4,2024-06-07
8C4,morula,typical,J,G,control,4,2024-06-07
8C4,egg,typical,J,G,control,4,2024-06-07
8C4,egg,typical,J,G,control,4,2024-06-07
8C4,cleavage,typical,J,G,control,4,2024-06-07
8C4,egg,typical,J,G,control,4,2024-06-07
8C4,morula,typical,J,G,control,4,2024-06-07
8C4,egg,typical,J,G,control,4,2024-06-07
8C4,egg,typical,J,G,control,4,2024-06-07
8C4,egg,typical,J,G,control,4,2024-06-07
8C4,cleavage,typical,J,G,control,4,2024-06-07
8C4,cleavage,typical,J,G,control,4,2024-06-07
8C9,prawnchip,typical,J,G,control,9,2024-06-07
8C9,prawnchip,typical,J,G,control,9,2024-06-07
8C9,prawnchip,typical,J,G,control,9,2024-06-07
8C9,prawnchip,typical,J,G,control,9,2024-06-07
8C9,prawnchip,typical,J,G,control,9,2024-06-07
8C9,prawnchip,typical,J,G,control,9,2024-06-07
8C9,prawnchip,typical,J,G,control,9,2024-06-07
8C9,prawnchip,typical,J,G,control,9,2024-06-07
8C9,prawnchip,typical,J,G,control,9,2024-06-07
8C9,prawnchip,uncertain,J,G,control,9,2024-06-07
8C9,prawnchip,typical,J,G,control,9,2024-06-07
8C9,prawnchip,typical,J,G,control,9,2024-06-07
8C9,prawnchip,typical,J,G,control,9,2024-06-07
8C9,prawnchip,typical,J,G,control,9,2024-06-07
8C9,prawnchip,typical,J,G,control,9,2024-06-07
8C9,prawnchip,typical,J,G,control,9,2024-06-07
8C9,prawnchip,typical,J,G,control,9,2024-06-07
8C9,prawnchip,typical,J,G,control,9,2024-06-07
8C9,prawnchip,uncertain,J,G,control,9,2024-06-07
8C9,prawnchip,typical,J,G,control,9,2024-06-07
8C9,prawnchip,typical,J,G,control,9,2024-06-07
8C9,prawnchip,uncertain,J,G,control,9,2024-06-07
8C9,prawnchip,typical,J,G,control,9,2024-06-07
8C9,prawnchip,uncertain,J,G,control,9,2024-06-07
8C9,prawnchip,typical,J,G,control,9,2024-06-07
8C9,prawnchip,typical,J,G,control,9,2024-06-07
8C9,prawnchip,typical,J,G,control,9,2024-06-07
8H14,earlygastrula,typical,J,G,high,14,2024-06-07
8H14,earlygastrula,typical,J,G,high,14,2024-06-07
8H14,earlygastrula,typical,J,G,high,14,2024-06-07
8H14,earlygastrula,typical,J,G,high,14,2024-06-07
8H14,earlygastrula,typical,J,G,high,14,2024-06-07
8H14,earlygastrula,typical,J,G,high,14,2024-06-07
8H14,earlygastrula,typical,J,G,high,14,2024-06-07
8H14,earlygastrula,typical,J,G,high,14,2024-06-07
8H14,earlygastrula,typical,J,G,high,14,2024-06-07
8H14,earlygastrula,typical,J,G,high,14,2024-06-07
8H14,earlygastrula,typical,J,G,high,14,2024-06-07
8H14,earlygastrula,typical,J,G,high,14,2024-06-07
8H14,earlygastrula,uncertain,J,G,high,14,2024-06-07
8H14,earlygastrula,typical,J,G,high,14,2024-06-07
8H14,earlygastrula,typical,J,G,high,14,2024-06-07
8H4,morula,typical,J,G,high,4,2024-06-07
8H4,morula,uncertain,J,G,high,4,2024-06-07
8H4,morula,typical,J,G,high,4,2024-06-07
8H4,egg,typical,J,G,high,4,2024-06-07
8H4,cleavage,typical,J,G,high,4,2024-06-07
8H4,egg,typical,J,G,high,4,2024-06-07
8H4,morula,typical,J,G,high,4,2024-06-07
8H4,egg,typical,J,G,high,4,2024-06-07
8H4,cleavage,typical,J,G,high,4,2024-06-07
8H4,cleavage,typical,J,G,high,4,2024-06-07
8H4,cleavage,typical,J,G,high,4,2024-06-07
8H4,egg,typical,J,G,high,4,2024-06-07
8H4,cleavage,typical,J,G,high,4,2024-06-07
8H4,morula,typical,J,G,high,4,2024-06-07
8H4,cleavage,typical,J,G,high,4,2024-06-07
8H4,cleavage,typical,J,G,high,4,2024-06-07
8H4,egg,typical,J,G,high,4,2024-06-07
8H4,cleavage,typical,J,G,high,4,2024-06-07
8H4,morula,typical,J,G,high,4,2024-06-07
8H4,morula,typical,J,G,high,4,2024-06-07
8H4,cleavage,typical,J,G,high,4,2024-06-07
8H4,morula,malformed,J,G,high,4,2024-06-07
8H4,morula,typical,J,G,high,4,2024-06-07
8H4,egg,typical,J,G,high,4,2024-06-07
8H4,cleavage,typical,J,G,high,4,2024-06-07
8H9,prawnchip,typical,J,G,high,9,2024-06-07
8H9,prawnchip,typical,J,G,high,9,2024-06-07
8H9,egg,uncertain,J,G,high,9,2024-06-07
8H9,prawnchip,typical,J,G,high,9,2024-06-07
8H9,prawnchip,typical,J,G,high,9,2024-06-07
8H9,prawnchip,typical,J,G,high,9,2024-06-07
8H9,prawnchip,typical,J,G,high,9,2024-06-07
8H9,prawnchip,typical,J,G,high,9,2024-06-07
8H9,prawnchip,typical,J,G,high,9,2024-06-07
8H9,prawnchip,uncertain,J,G,high,9,2024-06-07
8H9,prawnchip,typical,J,G,high,9,2024-06-07
8H9,prawnchip,typical,J,G,high,9,2024-06-07
8H9,prawnchip,typical,J,G,high,9,2024-06-07
8H9,egg,typical,J,G,high,9,2024-06-07
8H9,prawnchip,typical,J,G,high,9,2024-06-07
8H9,prawnchip,uncertain,J,G,high,9,2024-06-07
8H9,prawnchip,typical,J,G,high,9,2024-06-07
8H9,prawnchip,typical,J,G,high,9,2024-06-07
8H9,prawnchip,typical,J,G,high,9,2024-06-07
8H9,prawnchip,typical,J,G,high,9,2024-06-07
8H9,prawnchip,typical,J,G,high,9,2024-06-07
8H9,prawnchip,typical,J,G,high,9,2024-06-07
8H9,prawnchip,uncertain,J,G,high,9,2024-06-07
8L14,earlygastrula,typical,J,G,low,14,2024-06-07
8L14,earlygastrula,typical,J,G,low,14,2024-06-07
8L14,earlygastrula,malformed,J,G,low,14,2024-06-07
8L14,earlygastrula,typical,J,G,low,14,2024-06-07
8L14,earlygastrula,typical,J,G,low,14,2024-06-07
8L14,earlygastrula,typical,J,G,low,14,2024-06-07
8L14,earlygastrula,typical,J,G,low,14,2024-06-07
8L14,earlygastrula,typical,J,G,low,14,2024-06-07
8L14,earlygastrula,malformed,J,G,low,14,2024-06-07
8L14,earlygastrula,typical,J,G,low,14,2024-06-07
8L14,earlygastrula,typical,J,G,low,14,2024-06-07
8L14,earlygastrula,typical,J,G,low,14,2024-06-07
8L14,earlygastrula,malformed,J,G,low,14,2024-06-07
8L14,earlygastrula,typical,J,G,low,14,2024-06-07
8L14,earlygastrula,typical,J,G,low,14,2024-06-07
8L14,earlygastrula,typical,J,G,low,14,2024-06-07
8L14,earlygastrula,typical,J,G,low,14,2024-06-07
8L14,earlygastrula,typical,J,G,low,14,2024-06-07
8L14,earlygastrula,malformed,J,G,low,14,2024-06-07
8L14,earlygastrula,typical,J,G,low,14,2024-06-07
8L14,earlygastrula,typical,J,G,low,14,2024-06-07
8L4,morula,typical,J,G,low,4,2024-06-07
8L4,egg,typical,J,G,low,4,2024-06-07
8L4,morula,typical,J,G,low,4,2024-06-07
8L4,morula,typical,J,G,low,4,2024-06-07
8L4,egg,typical,J,G,low,4,2024-06-07
8L4,egg,typical,J,G,low,4,2024-06-07
8L4,cleavage,typical,J,G,low,4,2024-06-07
8L4,egg,typical,J,G,low,4,2024-06-07
8L4,cleavage,typical,J,G,low,4,2024-06-07
8L4,egg,typical,J,G,low,4,2024-06-07
8L4,egg,typical,J,G,low,4,2024-06-07
8L4,egg,typical,J,G,low,4,2024-06-07
8L4,egg,typical,J,G,low,4,2024-06-07
8L4,cleavage,typical,J,G,low,4,2024-06-07
8L4,cleavage,typical,J,G,low,4,2024-06-07
8L4,cleavage,typical,J,G,low,4,2024-06-07
8L4,cleavage,typical,J,G,low,4,2024-06-07
8L4,egg,typical,J,G,low,4,2024-06-07
8L4,cleavage,typical,J,G,low,4,2024-06-07
8L4,morula,typical,J,G,low,4,2024-06-07
8L4,cleavage,typical,J,G,low,4,2024-06-07
8L4,egg,typical,J,G,low,4,2024-06-07
8L4,cleavage,typical,J,G,low,4,2024-06-07
8L4,cleavage,typical,J,G,low,4,2024-06-07
8L4,cleavage,typical,J,G,low,4,2024-06-07
8L4,cleavage,typical,J,G,low,4,2024-06-07
8L4,cleavage,typical,J,G,low,4,2024-06-07
8L4,cleavage,typical,J,G,low,4,2024-06-07
8L4,cleavage,typical,J,G,low,4,2024-06-07
8L4,morula,typical,J,G,low,4,2024-06-07
8L9,prawnchip,uncertain,J,G,low,9,2024-06-07
8L9,prawnchip,uncertain,J,G,low,9,2024-06-07
8L9,prawnchip,typical,J,G,low,9,2024-06-07
8L9,prawnchip,typical,J,G,low,9,2024-06-07
8L9,prawnchip,typical,J,G,low,9,2024-06-07
8L9,prawnchip,typical,J,G,low,9,2024-06-07
8L9,morula,typical,J,G,low,9,2024-06-07
8L9,prawnchip,typical,J,G,low,9,2024-06-07
8L9,prawnchip,typical,J,G,low,9,2024-06-07
8L9,prawnchip,typical,J,G,low,9,2024-06-07
8L9,prawnchip,typical,J,G,low,9,2024-06-07
8L9,prawnchip,uncertain,J,G,low,9,2024-06-07
8L9,prawnchip,uncertain,J,G,low,9,2024-06-07
8L9,prawnchip,typical,J,G,low,9,2024-06-07
8L9,prawnchip,typical,J,G,low,9,2024-06-07
8L9,prawnchip,malformed,J,G,low,9,2024-06-07
8L9,prawnchip,typical,J,G,low,9,2024-06-07
8L9,prawnchip,typical,J,G,low,9,2024-06-07
8L9,prawnchip,malformed,J,G,low,9,2024-06-07
8L9,prawnchip,typical,J,G,low,9,2024-06-07
8L9,prawnchip,typical,J,G,low,9,2024-06-07
8L9,prawnchip,typical,J,G,low,9,2024-06-07
8L9,prawnchip,typical,J,G,low,9,2024-06-07
8L9,prawnchip,typical,J,G,low,9,2024-06-07
8L9,prawnchip,typical,J,G,low,9,2024-06-07
8L9,prawnchip,typical,J,G,low,9,2024-06-07
8M14,earlygastrula,typical,J,G,mid,14,2024-06-07
8M14,earlygastrula,typical,J,G,mid,14,2024-06-07
8M14,earlygastrula,typical,J,G,mid,14,2024-06-07
8M14,earlygastrula,typical,J,G,mid,14,2024-06-07
8M14,earlygastrula,typical,J,G,mid,14,2024-06-07
8M14,earlygastrula,malformed,J,G,mid,14,2024-06-07
8M14,earlygastrula,typical,J,G,mid,14,2024-06-07
8M14,earlygastrula,typical,J,G,mid,14,2024-06-07
8M14,earlygastrula,typical,J,G,mid,14,2024-06-07
8M14,earlygastrula,typical,J,G,mid,14,2024-06-07
8M14,earlygastrula,typical,J,G,mid,14,2024-06-07
8M14,earlygastrula,typical,J,G,mid,14,2024-06-07
8M14,earlygastrula,malformed,J,G,mid,14,2024-06-07
8M14,earlygastrula,typical,J,G,mid,14,2024-06-07
8M14,earlygastrula,typical,J,G,mid,14,2024-06-07
8M14,earlygastrula,typical,J,G,mid,14,2024-06-07
8M14,earlygastrula,malformed,J,G,mid,14,2024-06-07
8M14,earlygastrula,typical,J,G,mid,14,2024-06-07
8M14,earlygastrula,typical,J,G,mid,14,2024-06-07
8M14,earlygastrula,typical,J,G,mid,14,2024-06-07
8M14,earlygastrula,typical,J,G,mid,14,2024-06-07
8M14,earlygastrula,typical,J,G,mid,14,2024-06-07
8M14,earlygastrula,typical,J,G,mid,14,2024-06-07
8M14,earlygastrula,typical,J,G,mid,14,2024-06-07
8M14,earlygastrula,typical,J,G,mid,14,2024-06-07
8M14,earlygastrula,malformed,J,G,mid,14,2024-06-07
8M4,morula,typical,J,G,mid,4,2024-06-07
8M4,egg,typical,J,G,mid,4,2024-06-07
8M4,morula,typical,J,G,mid,4,2024-06-07
8M4,morula,malformed,J,G,mid,4,2024-06-07
8M4,morula,typical,J,G,mid,4,2024-06-07
8M4,morula,typical,J,G,mid,4,2024-06-07
8M4,cleavage,typical,J,G,mid,4,2024-06-07
8M4,morula,typical,J,G,mid,4,2024-06-07
8M4,cleavage,malformed,J,G,mid,4,2024-06-07
8M4,cleavage,typical,J,G,mid,4,2024-06-07
8M4,morula,typical,J,G,mid,4,2024-06-07
8M4,cleavage,typical,J,G,mid,4,2024-06-07
8M4,morula,typical,J,G,mid,4,2024-06-07
8M4,cleavage,malformed,J,G,mid,4,2024-06-07
8M4,morula,malformed,J,G,mid,4,2024-06-07
8M4,morula,typical,J,G,mid,4,2024-06-07
8M4,cleavage,malformed,J,G,mid,4,2024-06-07
8M4,cleavage,typical,J,G,mid,4,2024-06-07
8M4,egg,typical,J,G,mid,4,2024-06-07
8M4,cleavage,typical,J,G,mid,4,2024-06-07
8M4,cleavage,malformed,J,G,mid,4,2024-06-07
8M9,prawnchip,typical,J,G,mid,9,2024-06-07
8M9,prawnchip,typical,J,G,mid,9,2024-06-07
8M9,prawnchip,typical,J,G,mid,9,2024-06-07
8M9,prawnchip,typical,J,G,mid,9,2024-06-07
8M9,prawnchip,typical,J,G,mid,9,2024-06-07
8M9,prawnchip,typical,J,G,mid,9,2024-06-07
8M9,prawnchip,malformed,J,G,mid,9,2024-06-07
8M9,prawnchip,typical,J,G,mid,9,2024-06-07
8M9,prawnchip,typical,J,G,mid,9,2024-06-07
8M9,prawnchip,typical,J,G,mid,9,2024-06-07
8M9,prawnchip,uncertain,J,G,mid,9,2024-06-07
8M9,prawnchip,typical,J,G,mid,9,2024-06-07
8M9,prawnchip,typical,J,G,mid,9,2024-06-07
8M9,prawnchip,typical,J,G,mid,9,2024-06-07
8M9,prawnchip,malformed,J,G,mid,9,2024-06-07
8M9,prawnchip,typical,J,G,mid,9,2024-06-07
8M9,prawnchip,typical,J,G,mid,9,2024-06-07
8M9,prawnchip,typical,J,G,mid,9,2024-06-07
8M9,prawnchip,typical,J,G,mid,9,2024-06-07
8M9,prawnchip,malformed,J,G,mid,9,2024-06-07
8M9,prawnchip,typical,J,G,mid,9,2024-06-07
8M9,prawnchip,typical,J,G,mid,9,2024-06-07
8M9,prawnchip,uncertain,J,G,mid,9,2024-06-07
8M9,prawnchip,typical,J,G,mid,9,2024-06-07
8M9,prawnchip,typical,J,G,mid,9,2024-06-07
8M9,prawnchip,uncertain,J,G,mid,9,2024-06-07
9C14,earlygastrula,malformed,B,J,control,14,2024-06-07
9C14,earlygastrula,typical,B,J,control,14,2024-06-07
9C14,earlygastrula,typical,B,J,control,14,2024-06-07
9C14,earlygastrula,typical,B,J,control,14,2024-06-07
9C14,earlygastrula,typical,B,J,control,14,2024-06-07
9C14,earlygastrula,typical,B,J,control,14,2024-06-07
9C14,earlygastrula,typical,B,J,control,14,2024-06-07
9C14,earlygastrula,typical,B,J,control,14,2024-06-07
9C14,earlygastrula,typical,B,J,control,14,2024-06-07
9C14,earlygastrula,typical,B,J,control,14,2024-06-07
9C14,earlygastrula,typical,B,J,control,14,2024-06-07
9C14,earlygastrula,typical,B,J,control,14,2024-06-07
9C14,earlygastrula,typical,B,J,control,14,2024-06-07
9C14,earlygastrula,typical,B,J,control,14,2024-06-07
9C14,earlygastrula,typical,B,J,control,14,2024-06-07
9C14,earlygastrula,typical,B,J,control,14,2024-06-07
9C14,earlygastrula,typical,B,J,control,14,2024-06-07
9C14,earlygastrula,typical,B,J,control,14,2024-06-07
9C14,earlygastrula,malformed,B,J,control,14,2024-06-07
9C4,egg,typical,B,J,control,4,2024-06-07
9C4,egg,typical,B,J,control,4,2024-06-07
9C4,cleavage,typical,B,J,control,4,2024-06-07
9C4,egg,typical,B,J,control,4,2024-06-07
9C4,cleavage,typical,B,J,control,4,2024-06-07
9C4,egg,typical,B,J,control,4,2024-06-07
9C4,egg,typical,B,J,control,4,2024-06-07
9C4,morula,typical,B,J,control,4,2024-06-07
9C4,egg,typical,B,J,control,4,2024-06-07
9C4,cleavage,typical,B,J,control,4,2024-06-07
9C4,morula,typical,B,J,control,4,2024-06-07
9C4,morula,typical,B,J,control,4,2024-06-07
9C4,egg,typical,B,J,control,4,2024-06-07
9C4,egg,typical,B,J,control,4,2024-06-07
9C4,egg,typical,B,J,control,4,2024-06-07
9C4,egg,typical,B,J,control,4,2024-06-07
9C4,cleavage,typical,B,J,control,4,2024-06-07
9C4,egg,typical,B,J,control,4,2024-06-07
9C4,cleavage,typical,B,J,control,4,2024-06-07
9C4,cleavage,typical,B,J,control,4,2024-06-07
9C4,egg,uncertain,B,J,control,4,2024-06-07
9C4,egg,uncertain,B,J,control,4,2024-06-07
9C9,prawnchip,malformed,B,J,control,9,2024-06-07
9C9,prawnchip,typical,B,J,control,9,2024-06-07
9C9,cleavage,typical,B,J,control,9,2024-06-07
9C9,morula,typical,B,J,control,9,2024-06-07
9C9,prawnchip,malformed,B,J,control,9,2024-06-07
9C9,prawnchip,malformed,B,J,control,9,2024-06-07
9C9,prawnchip,typical,B,J,control,9,2024-06-07
9C9,prawnchip,typical,B,J,control,9,2024-06-07
9C9,prawnchip,typical,B,J,control,9,2024-06-07
9C9,prawnchip,typical,B,J,control,9,2024-06-07
9C9,prawnchip,typical,B,J,control,9,2024-06-07
9C9,prawnchip,typical,B,J,control,9,2024-06-07
9C9,prawnchip,typical,B,J,control,9,2024-06-07
9C9,prawnchip,typical,B,J,control,9,2024-06-07
9C9,prawnchip,typical,B,J,control,9,2024-06-07
9C9,prawnchip,typical,B,J,control,9,2024-06-07
9C9,prawnchip,typical,B,J,control,9,2024-06-07
9C9,prawnchip,malformed,B,J,control,9,2024-06-07
9C9,prawnchip,typical,B,J,control,9,2024-06-07
9H14,prawnchip,uncertain,B,J,high,14,2024-06-07
9H14,earlygastrula,typical,B,J,high,14,2024-06-07
9H14,earlygastrula,typical,B,J,high,14,2024-06-07
9H14,earlygastrula,typical,B,J,high,14,2024-06-07
9H14,earlygastrula,typical,B,J,high,14,2024-06-07
9H14,earlygastrula,typical,B,J,high,14,2024-06-07
9H14,earlygastrula,typical,B,J,high,14,2024-06-07
9H14,earlygastrula,typical,B,J,high,14,2024-06-07
9H14,earlygastrula,typical,B,J,high,14,2024-06-07
9H14,earlygastrula,typical,B,J,high,14,2024-06-07
9H14,earlygastrula,typical,B,J,high,14,2024-06-07
9H14,earlygastrula,uncertain,B,J,high,14,2024-06-07
9H14,earlygastrula,typical,B,J,high,14,2024-06-07
9H14,earlygastrula,typical,B,J,high,14,2024-06-07
9H14,earlygastrula,typical,B,J,high,14,2024-06-07
9H4,egg,typical,B,J,high,4,2024-06-07
9H4,egg,typical,B,J,high,4,2024-06-07
9H4,egg,typical,B,J,high,4,2024-06-07
9H4,egg,typical,B,J,high,4,2024-06-07
9H4,egg,typical,B,J,high,4,2024-06-07
9H4,egg,typical,B,J,high,4,2024-06-07
9H4,egg,typical,B,J,high,4,2024-06-07
9H4,egg,typical,B,J,high,4,2024-06-07
9H4,egg,typical,B,J,high,4,2024-06-07
9H4,egg,typical,B,J,high,4,2024-06-07
9H4,egg,typical,B,J,high,4,2024-06-07
9H4,egg,typical,B,J,high,4,2024-06-07
9H4,egg,typical,B,J,high,4,2024-06-07
9H4,egg,typical,B,J,high,4,2024-06-07
9H4,egg,typical,B,J,high,4,2024-06-07
9H4,egg,typical,B,J,high,4,2024-06-07
9H4,cleavage,typical,B,J,high,4,2024-06-07
9H4,cleavage,typical,B,J,high,4,2024-06-07
9H4,egg,typical,B,J,high,4,2024-06-07
9H4,egg,typical,B,J,high,4,2024-06-07
9H4,egg,typical,B,J,high,4,2024-06-07
9H4,egg,typical,B,J,high,4,2024-06-07
9H4,egg,typical,B,J,high,4,2024-06-07
9H4,egg,typical,B,J,high,4,2024-06-07
9H4,egg,typical,B,J,high,4,2024-06-07
9H4,egg,typical,B,J,high,4,2024-06-07
9H9,prawnchip,uncertain,B,J,high,9,2024-06-07
9H9,prawnchip,typical,B,J,high,9,2024-06-07
9H9,prawnchip,typical,B,J,high,9,2024-06-07
9H9,prawnchip,typical,B,J,high,9,2024-06-07
9H9,prawnchip,typical,B,J,high,9,2024-06-07
9H9,prawnchip,typical,B,J,high,9,2024-06-07
9H9,prawnchip,typical,B,J,high,9,2024-06-07
9H9,prawnchip,typical,B,J,high,9,2024-06-07
9H9,prawnchip,typical,B,J,high,9,2024-06-07
9H9,prawnchip,typical,B,J,high,9,2024-06-07
9H9,prawnchip,typical,B,J,high,9,2024-06-07
9H9,prawnchip,typical,B,J,high,9,2024-06-07
9H9,prawnchip,typical,B,J,high,9,2024-06-07
9H9,prawnchip,typical,B,J,high,9,2024-06-07
9H9,prawnchip,uncertain,B,J,high,9,2024-06-07
9H9,prawnchip,typical,B,J,high,9,2024-06-07
9H9,prawnchip,typical,B,J,high,9,2024-06-07
9H9,prawnchip,typical,B,J,high,9,2024-06-07
9H9,prawnchip,uncertain,B,J,high,9,2024-06-07
9H9,prawnchip,typical,B,J,high,9,2024-06-07
9H9,prawnchip,typical,B,J,high,9,2024-06-07
9L14,earlygastrula,typical,B,J,low,14,2024-06-07
9L14,earlygastrula,typical,B,J,low,14,2024-06-07
9L14,earlygastrula,typical,B,J,low,14,2024-06-07
9L14,earlygastrula,typical,B,J,low,14,2024-06-07
9L14,earlygastrula,typical,B,J,low,14,2024-06-07
9L14,earlygastrula,typical,B,J,low,14,2024-06-07
9L14,earlygastrula,typical,B,J,low,14,2024-06-07
9L14,earlygastrula,typical,B,J,low,14,2024-06-07
9L14,earlygastrula,typical,B,J,low,14,2024-06-07
9L14,earlygastrula,typical,B,J,low,14,2024-06-07
9L14,earlygastrula,typical,B,J,low,14,2024-06-07
9L4,egg,typical,B,J,low,4,2024-06-07
9L4,egg,uncertain,B,J,low,4,2024-06-07
9L4,cleavage,typical,B,J,low,4,2024-06-07
9L4,egg,typical,B,J,low,4,2024-06-07
9L4,morula,malformed,B,J,low,4,2024-06-07
9L4,cleavage,uncertain,B,J,low,4,2024-06-07
9L4,cleavage,typical,B,J,low,4,2024-06-07
9L4,egg,typical,B,J,low,4,2024-06-07
9L4,egg,malformed,B,J,low,4,2024-06-07
9L4,cleavage,typical,B,J,low,4,2024-06-07
9L4,morula,typical,B,J,low,4,2024-06-07
9L4,cleavage,typical,B,J,low,4,2024-06-07
9L4,morula,typical,B,J,low,4,2024-06-07
9L4,cleavage,typical,B,J,low,4,2024-06-07
9L4,egg,typical,B,J,low,4,2024-06-07
9L4,morula,typical,B,J,low,4,2024-06-07
9L4,cleavage,typical,B,J,low,4,2024-06-07
9L4,morula,typical,B,J,low,4,2024-06-07
9L4,morula,typical,B,J,low,4,2024-06-07
9L4,cleavage,typical,B,J,low,4,2024-06-07
9L4,cleavage,typical,B,J,low,4,2024-06-07
9L4,egg,typical,B,J,low,4,2024-06-07
9L4,cleavage,typical,B,J,low,4,2024-06-07
9L4,morula,typical,B,J,low,4,2024-06-07
9L4,egg,malformed,B,J,low,4,2024-06-07
9L4,cleavage,typical,B,J,low,4,2024-06-07
9L4,cleavage,typical,B,J,low,4,2024-06-07
9L4,morula,typical,B,J,low,4,2024-06-07
9L4,morula,typical,B,J,low,4,2024-06-07
9L4,egg,malformed,B,J,low,4,2024-06-07
9L4,cleavage,malformed,B,J,low,4,2024-06-07
9L4,egg,malformed,B,J,low,4,2024-06-07
9L9,prawnchip,malformed,B,J,low,9,2024-06-07
9L9,prawnchip,typical,B,J,low,9,2024-06-07
9L9,prawnchip,typical,B,J,low,9,2024-06-07
9L9,prawnchip,typical,B,J,low,9,2024-06-07
9L9,prawnchip,typical,B,J,low,9,2024-06-07
9L9,prawnchip,malformed,B,J,low,9,2024-06-07
9L9,prawnchip,malformed,B,J,low,9,2024-06-07
9L9,prawnchip,typical,B,J,low,9,2024-06-07
9L9,morula,typical,B,J,low,9,2024-06-07
9L9,prawnchip,typical,B,J,low,9,2024-06-07
9L9,prawnchip,uncertain,B,J,low,9,2024-06-07
9L9,prawnchip,typical,B,J,low,9,2024-06-07
9L9,prawnchip,uncertain,B,J,low,9,2024-06-07
9L9,prawnchip,typical,B,J,low,9,2024-06-07
9L9,prawnchip,malformed,B,J,low,9,2024-06-07
9L9,prawnchip,typical,B,J,low,9,2024-06-07
9M14,earlygastrula,typical,B,J,mid,14,2024-06-07
9M14,earlygastrula,typical,B,J,mid,14,2024-06-07
9M14,earlygastrula,typical,B,J,mid,14,2024-06-07
9M14,earlygastrula,typical,B,J,mid,14,2024-06-07
9M14,earlygastrula,typical,B,J,mid,14,2024-06-07
9M14,earlygastrula,typical,B,J,mid,14,2024-06-07
9M14,earlygastrula,typical,B,J,mid,14,2024-06-07
9M14,earlygastrula,typical,B,J,mid,14,2024-06-07
9M14,earlygastrula,typical,B,J,mid,14,2024-06-07
9M14,earlygastrula,typical,B,J,mid,14,2024-06-07
9M14,earlygastrula,typical,B,J,mid,14,2024-06-07
9M14,earlygastrula,typical,B,J,mid,14,2024-06-07
9M14,earlygastrula,uncertain,B,J,mid,14,2024-06-07
9M14,earlygastrula,typical,B,J,mid,14,2024-06-07
9M14,earlygastrula,typical,B,J,mid,14,2024-06-07
9M14,earlygastrula,typical,B,J,mid,14,2024-06-07
9M14,earlygastrula,typical,B,J,mid,14,2024-06-07
9M14,earlygastrula,typical,B,J,mid,14,2024-06-07
9M14,earlygastrula,typical,B,J,mid,14,2024-06-07
9M14,earlygastrula,typical,B,J,mid,14,2024-06-07
9M14,earlygastrula,typical,B,J,mid,14,2024-06-07
9M14,earlygastrula,typical,B,J,mid,14,2024-06-07
9M14,earlygastrula,typical,B,J,mid,14,2024-06-07
9M14,earlygastrula,typical,B,J,mid,14,2024-06-07
9M14,earlygastrula,typical,B,J,mid,14,2024-06-07
9M4,cleavage,typical,B,J,mid,4,2024-06-07
9M4,cleavage,typical,B,J,mid,4,2024-06-07
9M4,cleavage,typical,B,J,mid,4,2024-06-07
9M4,egg,typical,B,J,mid,4,2024-06-07
9M4,morula,typical,B,J,mid,4,2024-06-07
9M4,cleavage,typical,B,J,mid,4,2024-06-07
9M4,egg,typical,B,J,mid,4,2024-06-07
9M4,morula,typical,B,J,mid,4,2024-06-07
9M4,morula,typical,B,J,mid,4,2024-06-07
9M4,morula,typical,B,J,mid,4,2024-06-07
9M4,morula,typical,B,J,mid,4,2024-06-07
9M4,egg,typical,B,J,mid,4,2024-06-07
9M4,morula,typical,B,J,mid,4,2024-06-07
9M4,cleavage,typical,B,J,mid,4,2024-06-07
9M4,cleavage,typical,B,J,mid,4,2024-06-07
9M4,cleavage,typical,B,J,mid,4,2024-06-07
9M4,cleavage,typical,B,J,mid,4,2024-06-07
9M4,morula,typical,B,J,mid,4,2024-06-07
9M4,cleavage,typical,B,J,mid,4,2024-06-07
9M4,morula,typical,B,J,mid,4,2024-06-07
9M4,egg,typical,B,J,mid,4,2024-06-07
9M9,prawnchip,malformed,B,J,mid,9,2024-06-07
9M9,prawnchip,typical,B,J,mid,9,2024-06-07
9M9,prawnchip,typical,B,J,mid,9,2024-06-07
9M9,prawnchip,typical,B,J,mid,9,2024-06-07
9M9,prawnchip,typical,B,J,mid,9,2024-06-07
9M9,prawnchip,typical,B,J,mid,9,2024-06-07
9M9,prawnchip,typical,B,J,mid,9,2024-06-07
9M9,prawnchip,typical,B,J,mid,9,2024-06-07
9M9,prawnchip,typical,B,J,mid,9,2024-06-07
9M9,prawnchip,malformed,B,J,mid,9,2024-06-07
9M9,prawnchip,typical,B,J,mid,9,2024-06-07
9M9,prawnchip,typical,B,J,mid,9,2024-06-07
9M9,prawnchip,typical,B,J,mid,9,2024-06-07
9M9,prawnchip,uncertain,B,J,mid,9,2024-06-07
9M9,prawnchip,uncertain,B,J,mid,9,2024-06-07
