sample_name,embryo_no,embryo_phase,status,notes,sample_id,parent_1,parent_2,treatment,hpf
10C14,1,earlygastrula,typical,NA,10C14,B,J,control,14
10C14,2,earlygastrula,typical,NA,10C14,B,J,control,14
10C14,3,earlygastrula,typical,NA,10C14,B,J,control,14
10C14,4,earlygastrula,typical,NA,10C14,B,J,control,14
10C14,5,earlygastrula,typical,NA,10C14,B,J,control,14
10C14,6,earlygastrula,typical,NA,10C14,B,J,control,14
10C14,7,earlygastrula,typical,NA,10C14,B,J,control,14
10C14,8,earlygastrula,typical,NA,10C14,B,J,control,14
10C14,9,earlygastrula,typical,NA,10C14,B,J,control,14
10C14,10,earlygastrula,typical,NA,10C14,B,J,control,14
10C14,11,earlygastrula,typical,NA,10C14,B,J,control,14
10C14,12,earlygastrula,malformed,disintegrating,10C14,B,J,control,14
10C14,13,earlygastrula,typical,NA,10C14,B,J,control,14
10C14,14,earlygastrula,typical,NA,10C14,B,J,control,14
10C14,15,earlygastrula,typical,NA,10C14,B,J,control,14
10C14,16,earlygastrula,typical,NA,10C14,B,J,control,14
10C14,17,earlygastrula,typical,NA,10C14,B,J,control,14
10C14,18,earlygastrula,typical,NA,10C14,B,J,control,14
10C14,19,earlygastrula,typical,NA,10C14,B,J,control,14
10C14,20,earlygastrula,typical,NA,10C14,B,J,control,14
10C14,21,earlygastrula,malformed,torn,10C14,B,J,control,14
10C14,22,earlygastrula,typical,NA,10C14,B,J,control,14
10C14,23,earlygastrula,uncertain,torn,10C14,B,J,control,14
10C4,1,cleavage,typical,incomplete,10C4,B,J,control,4
10C4,2,cleavage,typical,incomplete,10C4,B,J,control,4
10C4,3,cleavage,typical,incomplete,10C4,B,J,control,4
10C4,4,cleavage,typical,incomplete,10C4,B,J,control,4
10C4,5,cleavage,typical,NA,10C4,B,J,control,4
10C4,6,cleavage,typical,NA,10C4,B,J,control,4
10C4,7,cleavage,typical,NA,10C4,B,J,control,4
10C4,8,4to16cell,typical,NA,10C4,B,J,control,4
10C4,9,egg,typical,NA,10C4,B,J,control,4
10C4,10,cleavage,typical,NA,10C4,B,J,control,4
10C4,11,egg,typical,NA,10C4,B,J,control,4
10C4,12,egg,typical,NA,10C4,B,J,control,4
10C4,13,cleavage,typical,NA,10C4,B,J,control,4
10C4,14,egg,typical,NA,10C4,B,J,control,4
10C4,15,egg,typical,NA,10C4,B,J,control,4
10C4,16,4to16cell,typical,NA,10C4,B,J,control,4
10C4,17,4to16cell,typical,NA,10C4,B,J,control,4
10C4,18,4to16cell,typical,NA,10C4,B,J,control,4
10C4,19,4to16cell,typical,NA,10C4,B,J,control,4
10C4,20,egg,typical,NA,10C4,B,J,control,4
10C4,21,cleavage,typical,incomplete,10C4,B,J,control,4
10C4,22,4to16cell,typical,NA,10C4,B,J,control,4
10C4,23,egg,typical,NA,10C4,B,J,control,4
10C4,24,egg,typical,NA,10C4,B,J,control,4
10C4,25,cleavage,typical,NA,10C4,B,J,control,4
10C4,26,4to16cell,typical,incomplete,10C4,B,J,control,4
10C4,27,cleavage,typical,NA,10C4,B,J,control,4
10C4,28,4to16cell,typical,NA,10C4,B,J,control,4
10C4,29,egg,typical,NA,10C4,B,J,control,4
10C9,1,prawnchip,malformed,disintegrating,10C9,B,J,control,9
10C9,2,prawnchip,typical,NA,10C9,B,J,control,9
10C9,3,prawnchip,typical,NA,10C9,B,J,control,9
10C9,4,prawnchip,typical,NA,10C9,B,J,control,9
10C9,5,prawnchip,typical,NA,10C9,B,J,control,9
10C9,6,prawnchip,typical,NA,10C9,B,J,control,9
10C9,7,prawnchip,typical,NA,10C9,B,J,control,9
10C9,8,prawnchip,uncertain,torn,10C9,B,J,control,9
10C9,9,32to64cell,typical,NA,10C9,B,J,control,9
10C9,10,prawnchip,malformed,torn,10C9,B,J,control,9
10C9,11,prawnchip,malformed,torn,10C9,B,J,control,9
10C9,12,prawnchip,typical,NA,10C9,B,J,control,9
10C9,13,prawnchip,typical,NA,10C9,B,J,control,9
10C9,14,prawnchip,uncertain,NA,10C9,B,J,control,9
10C9,15,prawnchip,typical,NA,10C9,B,J,control,9
10C9,16,prawnchip,typical,NA,10C9,B,J,control,9
10C9,17,prawnchip,typical,NA,10C9,B,J,control,9
10C9,18,prawnchip,typical,NA,10C9,B,J,control,9
10C9,19,prawnchip,typical,NA,10C9,B,J,control,9
10H14,1,earlygastrula,malformed,disintegrating,10H14,B,J,high,14
10H14,2,earlygastrula,malformed,NA,10H14,B,J,high,14
10H14,3,earlygastrula,typical,NA,10H14,B,J,high,14
10H14,4,earlygastrula,uncertain,torn,10H14,B,J,high,14
10H14,5,earlygastrula,typical,NA,10H14,B,J,high,14
10H14,6,earlygastrula,typical,NA,10H14,B,J,high,14
10H14,7,earlygastrula,uncertain,torn,10H14,B,J,high,14
10H14,8,earlygastrula,typical,NA,10H14,B,J,high,14
10H14,9,earlygastrula,malformed,NA,10H14,B,J,high,14
10H14,10,earlygastrula,typical,NA,10H14,B,J,high,14
10H14,11,earlygastrula,typical,NA,10H14,B,J,high,14
10H14,12,earlygastrula,typical,NA,10H14,B,J,high,14
10H14,13,earlygastrula,typical,NA,10H14,B,J,high,14
10H14,14,earlygastrula,uncertain,torn,10H14,B,J,high,14
10H14,15,earlygastrula,malformed,disintegrating,10H14,B,J,high,14
10H4,1,cleavage,malformed,disintegrating,10H4,B,J,high,4
10H4,2,egg,typical,NA,10H4,B,J,high,4
10H4,3,4to16cell,typical,NA,10H4,B,J,high,4
10H4,4,cleavage,typical,incomplete,10H4,B,J,high,4
10H4,5,egg,typical,NA,10H4,B,J,high,4
10H4,6,egg,typical,NA,10H4,B,J,high,4
10H4,7,4to16cell,typical,NA,10H4,B,J,high,4
10H4,8,4to16cell,typical,NA,10H4,B,J,high,4
10H4,9,egg,typical,NA,10H4,B,J,high,4
10H4,10,4to16cell,typical,NA,10H4,B,J,high,4
10H4,11,cleavage,typical,NA,10H4,B,J,high,4
10H4,12,cleavage,typical,NA,10H4,B,J,high,4
10H4,13,egg,typical,NA,10H4,B,J,high,4
10H4,14,cleavage,typical,NA,10H4,B,J,high,4
10H4,15,egg,typical,NA,10H4,B,J,high,4
10H4,16,egg,typical,NA,10H4,B,J,high,4
10H4,17,egg,typical,NA,10H4,B,J,high,4
10H4,18,cleavage,typical,incomplete,10H4,B,J,high,4
10H4,19,egg,typical,NA,10H4,B,J,high,4
10H4,20,egg,typical,NA,10H4,B,J,high,4
10H4,21,cleavage,typical,NA,10H4,B,J,high,4
10H9,1,prawnchip,typical,NA,10H9,B,J,high,9
10H9,2,prawnchip,typical,NA,10H9,B,J,high,9
10H9,3,prawnchip,malformed,torn,10H9,B,J,high,9
10H9,4,prawnchip,typical,NA,10H9,B,J,high,9
10H9,5,prawnchip,typical,NA,10H9,B,J,high,9
10H9,6,prawnchip,typical,NA,10H9,B,J,high,9
10H9,7,prawnchip,typical,NA,10H9,B,J,high,9
10H9,8,prawnchip,uncertain,torn,10H9,B,J,high,9
10H9,9,prawnchip,typical,NA,10H9,B,J,high,9
10H9,10,prawnchip,uncertain,torn,10H9,B,J,high,9
10H9,11,prawnchip,typical,NA,10H9,B,J,high,9
10H9,12,prawnchip,typical,NA,10H9,B,J,high,9
10H9,13,prawnchip,typical,NA,10H9,B,J,high,9
10H9,14,prawnchip,typical,NA,10H9,B,J,high,9
10H9,15,prawnchip,typical,NA,10H9,B,J,high,9
10H9,16,prawnchip,typical,NA,10H9,B,J,high,9
10H9,17,prawnchip,typical,NA,10H9,B,J,high,9
10H9,18,prawnchip,typical,NA,10H9,B,J,high,9
10H9,19,prawnchip,typical,NA,10H9,B,J,high,9
10H9,20,prawnchip,typical,NA,10H9,B,J,high,9
10L14,1,earlygastrula,typical,NA,10L14,B,J,low,14
10L14,2,earlygastrula,malformed,separation,10L14,B,J,low,14
10L14,3,earlygastrula,typical,NA,10L14,B,J,low,14
10L14,4,earlygastrula,typical,NA,10L14,B,J,low,14
10L14,5,earlygastrula,typical,NA,10L14,B,J,low,14
10L14,6,prawnchip,typical,NA,10L14,B,J,low,14
10L14,7,earlygastrula,typical,NA,10L14,B,J,low,14
10L14,8,earlygastrula,typical,NA,10L14,B,J,low,14
10L14,9,earlygastrula,typical,NA,10L14,B,J,low,14
10L14,10,earlygastrula,typical,NA,10L14,B,J,low,14
10L14,11,earlygastrula,typical,NA,10L14,B,J,low,14
10L14,12,earlygastrula,typical,NA,10L14,B,J,low,14
10L14,13,earlygastrula,typical,NA,10L14,B,J,low,14
10L14,14,earlygastrula,typical,NA,10L14,B,J,low,14
10L14,15,egg,malformed,disintegrating,10L14,B,J,low,14
10L4,1,egg,typical,NA,10L4,B,J,low,4
10L4,2,egg,typical,NA,10L4,B,J,low,4
10L4,3,cleavage,typical,NA,10L4,B,J,low,4
10L4,4,4to16cell,typical,NA,10L4,B,J,low,4
10L4,5,egg,typical,NA,10L4,B,J,low,4
10L4,6,cleavage,typical,NA,10L4,B,J,low,4
10L4,7,4to16cell,typical,NA,10L4,B,J,low,4
10L4,8,cleavage,typical,NA,10L4,B,J,low,4
10L4,9,egg,typical,NA,10L4,B,J,low,4
10L4,10,egg,typical,NA,10L4,B,J,low,4
10L4,11,4to16cell,typical,NA,10L4,B,J,low,4
10L4,12,cleavage,typical,incomplete,10L4,B,J,low,4
10L4,13,4to16cell,typical,NA,10L4,B,J,low,4
10L4,14,4to16cell,typical,NA,10L4,B,J,low,4
10L4,15,egg,typical,NA,10L4,B,J,low,4
10L4,16,cleavage,typical,NA,10L4,B,J,low,4
10L4,17,4to16cell,typical,NA,10L4,B,J,low,4
10L4,18,cleavage,typical,NA,10L4,B,J,low,4
10L4,19,4to16cell,typical,NA,10L4,B,J,low,4
10L4,20,egg,typical,NA,10L4,B,J,low,4
10L4,21,cleavage,typical,NA,10L4,B,J,low,4
10L4,22,4to16cell,typical,NA,10L4,B,J,low,4
10L4,23,egg,typical,NA,10L4,B,J,low,4
10L4,24,4to16cell,typical,NA,10L4,B,J,low,4
10L4,25,cleavage,malformed,separation,10L4,B,J,low,4
10L4,26,egg,typical,NA,10L4,B,J,low,4
10L4,27,4to16cell,typical,NA,10L4,B,J,low,4
10L9,1,prawnchip,uncertain,torn,10L9,B,J,low,9
10L9,2,prawnchip,typical,NA,10L9,B,J,low,9
10L9,3,prawnchip,typical,NA,10L9,B,J,low,9
10L9,4,prawnchip,typical,NA,10L9,B,J,low,9
10L9,5,prawnchip,typical,NA,10L9,B,J,low,9
10L9,6,prawnchip,uncertain,torn,10L9,B,J,low,9
10L9,7,prawnchip,uncertain,incomplete,10L9,B,J,low,9
10L9,8,prawnchip,malformed,disintegrating,10L9,B,J,low,9
10L9,9,prawnchip,malformed,disintegrating,10L9,B,J,low,9
10L9,10,prawnchip,typical,NA,10L9,B,J,low,9
10L9,11,prawnchip,typical,NA,10L9,B,J,low,9
10L9,12,prawnchip,uncertain,torn,10L9,B,J,low,9
10L9,13,prawnchip,typical,NA,10L9,B,J,low,9
10L9,14,prawnchip,uncertain,NA,10L9,B,J,low,9
10L9,15,prawnchip,typical,NA,10L9,B,J,low,9
10L9,16,prawnchip,uncertain,NA,10L9,B,J,low,9
10L9,17,prawnchip,typical,NA,10L9,B,J,low,9
10L9,18,prawnchip,typical,NA,10L9,B,J,low,9
10L9,19,prawnchip,typical,NA,10L9,B,J,low,9
10L9,20,prawnchip,malformed,separation,10L9,B,J,low,9
10L9,21,prawnchip,typical,NA,10L9,B,J,low,9
10L9,22,prawnchip,typical,NA,10L9,B,J,low,9
10L9,23,prawnchip,uncertain,torn,10L9,B,J,low,9
10L9,24,prawnchip,typical,NA,10L9,B,J,low,9
10L9,25,prawnchip,typical,NA,10L9,B,J,low,9
10L9,26,prawnchip,typical,NA,10L9,B,J,low,9
10L9,27,prawnchip,typical,NA,10L9,B,J,low,9
10L9,28,prawnchip,typical,NA,10L9,B,J,low,9
10M14,1,earlygastrula,typical,torn,10M14,B,J,mid,14
10M14,2,earlygastrula,typical,torn,10M14,B,J,mid,14
10M14,3,earlygastrula,typical,torn,10M14,B,J,mid,14
10M14,4,earlygastrula,typical,torn,10M14,B,J,mid,14
10M14,5,earlygastrula,typical,torn,10M14,B,J,mid,14
10M14,6,earlygastrula,typical,NA,10M14,B,J,mid,14
10M14,7,earlygastrula,typical,torn,10M14,B,J,mid,14
10M14,8,earlygastrula,typical,torn,10M14,B,J,mid,14
10M14,9,earlygastrula,typical,NA,10M14,B,J,mid,14
10M14,10,earlygastrula,typical,torn,10M14,B,J,mid,14
10M14,11,earlygastrula,typical,torn,10M14,B,J,mid,14
10M14,12,earlygastrula,typical,NA,10M14,B,J,mid,14
10M14,13,earlygastrula,typical,torn,10M14,B,J,mid,14
10M14,14,earlygastrula,typical,torn,10M14,B,J,mid,14
10M14,15,earlygastrula,typical,NA,10M14,B,J,mid,14
10M14,16,earlygastrula,malformed,disintegrating,10M14,B,J,mid,14
10M14,17,earlygastrula,typical,torn,10M14,B,J,mid,14
10M14,18,earlygastrula,typical,torn,10M14,B,J,mid,14
10M14,19,earlygastrula,typical,torn,10M14,B,J,mid,14
10M14,20,earlygastrula,typical,torn,10M14,B,J,mid,14
10M14,21,earlygastrula,malformed,disintegrating,10M14,B,J,mid,14
10M4,1,cleavage,typical,NA,10M4,B,J,mid,4
10M4,2,4to16cell,typical,NA,10M4,B,J,mid,4
10M4,3,4to16cell,typical,NA,10M4,B,J,mid,4
10M4,4,cleavage,typical,NA,10M4,B,J,mid,4
10M4,5,cleavage,typical,incomplete,10M4,B,J,mid,4
10M4,6,cleavage,typical,NA,10M4,B,J,mid,4
10M4,7,cleavage,typical,NA,10M4,B,J,mid,4
10M4,8,cleavage,typical,NA,10M4,B,J,mid,4
10M4,9,cleavage,typical,NA,10M4,B,J,mid,4
10M4,10,egg,typical,NA,10M4,B,J,mid,4
10M4,11,4to16cell,typical,NA,10M4,B,J,mid,4
10M4,12,egg,typical,NA,10M4,B,J,mid,4
10M4,13,4to16cell,typical,NA,10M4,B,J,mid,4
10M4,14,egg,typical,NA,10M4,B,J,mid,4
10M4,15,egg,typical,NA,10M4,B,J,mid,4
10M4,16,egg,typical,NA,10M4,B,J,mid,4
10M4,17,cleavage,malformed,separation,10M4,B,J,mid,4
10M4,18,egg,typical,NA,10M4,B,J,mid,4
10M4,19,egg,typical,NA,10M4,B,J,mid,4
10M4,20,4to16cell,typical,NA,10M4,B,J,mid,4
10M4,21,cleavage,typical,incomplete,10M4,B,J,mid,4
10M4,22,4to16cell,typical,NA,10M4,B,J,mid,4
10M4,23,4to16cell,typical,incomplete,10M4,B,J,mid,4
10M4,24,4to16cell,typical,NA,10M4,B,J,mid,4
10M4,25,egg,typical,NA,10M4,B,J,mid,4
10M4,26,4to16cell,typical,NA,10M4,B,J,mid,4
10M4,27,cleavage,typical,NA,10M4,B,J,mid,4
10M4,28,egg,typical,NA,10M4,B,J,mid,4
10M4,29,cleavage,typical,NA,10M4,B,J,mid,4
10M4,30,4to16cell,typical,NA,10M4,B,J,mid,4
10M4,31,4to16cell,typical,NA,10M4,B,J,mid,4
10M9,1,prawnchip,typical,NA,10M9,B,J,mid,9
10M9,2,prawnchip,typical,NA,10M9,B,J,mid,9
10M9,3,prawnchip,typical,NA,10M9,B,J,mid,9
10M9,4,prawnchip,typical,NA,10M9,B,J,mid,9
10M9,5,prawnchip,malformed,torn,10M9,B,J,mid,9
10M9,6,prawnchip,typical,NA,10M9,B,J,mid,9
10M9,7,prawnchip,typical,NA,10M9,B,J,mid,9
10M9,8,prawnchip,typical,NA,10M9,B,J,mid,9
10M9,9,prawnchip,typical,NA,10M9,B,J,mid,9
10M9,10,prawnchip,typical,NA,10M9,B,J,mid,9
10M9,11,prawnchip,typical,NA,10M9,B,J,mid,9
10M9,12,prawnchip,typical,NA,10M9,B,J,mid,9
10M9,13,prawnchip,typical,NA,10M9,B,J,mid,9
10M9,14,prawnchip,typical,NA,10M9,B,J,mid,9
10M9,15,prawnchip,malformed,torn,10M9,B,J,mid,9
1C14,1,earlygastrula,typical,NA,1C14,H,M,control,14
1C14,2,earlygastrula,typical,NA,1C14,H,M,control,14
1C14,3,earlygastrula,typical,torn,1C14,H,M,control,14
1C14,4,earlygastrula,typical,NA,1C14,H,M,control,14
1C14,5,earlygastrula,typical,torn,1C14,H,M,control,14
1C14,6,earlygastrula,typical,torn,1C14,H,M,control,14
1C14,7,earlygastrula,typical,torn,1C14,H,M,control,14
1C14,8,earlygastrula,typical,NA,1C14,H,M,control,14
1C14,9,earlygastrula,typical,NA,1C14,H,M,control,14
1C14,10,earlygastrula,typical,torn,1C14,H,M,control,14
1C4,1,egg,typical,NA,1C4,H,M,control,4
1C4,2,4to16cell,malformed,NA,1C4,H,M,control,4
1C4,3,egg,typical,NA,1C4,H,M,control,4
1C4,4,4to16cell,typical,NA,1C4,H,M,control,4
1C4,5,4to16cell,typical,NA,1C4,H,M,control,4
1C4,6,4to16cell,typical,NA,1C4,H,M,control,4
1C4,7,egg,typical,NA,1C4,H,M,control,4
1C4,8,egg,typical,NA,1C4,H,M,control,4
1C4,9,cleavage,typical,NA,1C4,H,M,control,4
1C4,10,32to64cell,typical,NA,1C4,H,M,control,4
1C4,11,4to16cell,typical,NA,1C4,H,M,control,4
1C4,12,egg,typical,NA,1C4,H,M,control,4
1C4,13,egg,typical,NA,1C4,H,M,control,4
1C4,14,egg,typical,NA,1C4,H,M,control,4
1C4,15,4to16cell,typical,NA,1C4,H,M,control,4
1C4,16,egg,typical,NA,1C4,H,M,control,4
1C4,17,egg,typical,NA,1C4,H,M,control,4
1C4,18,egg,typical,NA,1C4,H,M,control,4
1C4,19,egg,typical,NA,1C4,H,M,control,4
1C4,20,egg,typical,NA,1C4,H,M,control,4
1C4,21,egg,typical,NA,1C4,H,M,control,4
1C4,22,egg,typical,NA,1C4,H,M,control,4
1C4,23,egg,typical,NA,1C4,H,M,control,4
1C9,1,prawnchip,typical,NA,1C9,H,M,control,9
1C9,2,32to64cell,typical,NA,1C9,H,M,control,9
1C9,3,prawnchip,typical,NA,1C9,H,M,control,9
1C9,4,prawnchip,typical,NA,1C9,H,M,control,9
1H14,1,earlygastrula,typical,NA,1H14,H,M,high,14
1H14,2,earlygastrula,typical,NA,1H14,H,M,high,14
1H14,3,earlygastrula,typical,NA,1H14,H,M,high,14
1H14,4,earlygastrula,typical,NA,1H14,H,M,high,14
1H14,5,earlygastrula,typical,NA,1H14,H,M,high,14
1H14,6,earlygastrula,typical,NA,1H14,H,M,high,14
1H14,7,earlygastrula,typical,NA,1H14,H,M,high,14
1H14,8,prawnchip,typical,NA,1H14,H,M,high,14
1H14,9,earlygastrula,typical,NA,1H14,H,M,high,14
1H4,1,4to16cell,typical,NA,1H4,H,M,high,4
1H4,2,cleavage,typical,NA,1H4,H,M,high,4
1H4,3,4to16cell,typical,NA,1H4,H,M,high,4
1H4,4,egg,typical,NA,1H4,H,M,high,4
1H4,5,egg,typical,NA,1H4,H,M,high,4
1H4,6,egg,typical,NA,1H4,H,M,high,4
1H4,7,egg,typical,NA,1H4,H,M,high,4
1H4,8,egg,typical,NA,1H4,H,M,high,4
1H4,9,egg,typical,NA,1H4,H,M,high,4
1H4,10,egg,typical,NA,1H4,H,M,high,4
1H4,11,egg,typical,NA,1H4,H,M,high,4
1H4,12,32to64cell,typical,NA,1H4,H,M,high,4
1H4,13,cleavage,typical,NA,1H4,H,M,high,4
1H4,14,egg,typical,NA,1H4,H,M,high,4
1H4,15,cleavage,typical,incomplete,1H4,H,M,high,4
1H4,16,egg,typical,NA,1H4,H,M,high,4
1H4,17,32to64cell,typical,NA,1H4,H,M,high,4
1H4,18,egg,typical,NA,1H4,H,M,high,4
1H4,19,egg,typical,NA,1H4,H,M,high,4
1H4,20,4to16cell,typical,NA,1H4,H,M,high,4
1H4,21,cleavage,typical,NA,1H4,H,M,high,4
1H4,22,32to64cell,typical,NA,1H4,H,M,high,4
1H4,23,4to16cell,typical,NA,1H4,H,M,high,4
1H4,24,4to16cell,typical,NA,1H4,H,M,high,4
1H4,25,egg,typical,NA,1H4,H,M,high,4
1H9,1,prawnchip,malformed,torn,1H9,H,M,high,9
1H9,2,prawnchip,typical,NA,1H9,H,M,high,9
1H9,3,prawnchip,uncertain,torn,1H9,H,M,high,9
1H9,4,prawnchip,malformed,torn,1H9,H,M,high,9
1H9,5,prawnchip,typical,NA,1H9,H,M,high,9
1H9,6,prawnchip,malformed,torn,1H9,H,M,high,9
1L14,1,prawnchip,typical,NA,1L14,H,M,low,14
1L14,2,earlygastrula,typical,NA,1L14,H,M,low,14
1L14,3,earlygastrula,typical,NA,1L14,H,M,low,14
1L14,4,earlygastrula,typical,NA,1L14,H,M,low,14
1L14,5,earlygastrula,typical,NA,1L14,H,M,low,14
1L14,6,earlygastrula,typical,NA,1L14,H,M,low,14
1L14,7,earlygastrula,typical,NA,1L14,H,M,low,14
1L14,8,earlygastrula,typical,NA,1L14,H,M,low,14
1L4,1,4to16cell,typical,NA,1L4,H,M,low,4
1L4,2,4to16cell,typical,NA,1L4,H,M,low,4
1L4,3,cleavage,typical,NA,1L4,H,M,low,4
1L4,4,4to16cell,typical,NA,1L4,H,M,low,4
1L4,5,egg,typical,NA,1L4,H,M,low,4
1L4,6,egg,typical,NA,1L4,H,M,low,4
1L4,7,4to16cell,uncertain,NA,1L4,H,M,low,4
1L4,8,4to16cell,typical,NA,1L4,H,M,low,4
1L4,9,cleavage,uncertain,NA,1L4,H,M,low,4
1L4,10,egg,typical,NA,1L4,H,M,low,4
1L4,11,egg,uncertain,torn,1L4,H,M,low,4
1L4,12,egg,typical,NA,1L4,H,M,low,4
1L4,13,egg,typical,NA,1L4,H,M,low,4
1L4,14,egg,typical,torn,1L4,H,M,low,4
1L4,15,egg,typical,NA,1L4,H,M,low,4
1L4,16,egg,typical,NA,1L4,H,M,low,4
1L4,17,4to16cell,typical,NA,1L4,H,M,low,4
1L4,18,4to16cell,typical,NA,1L4,H,M,low,4
1L4,19,egg,typical,NA,1L4,H,M,low,4
1L4,20,4to16cell,typical,NA,1L4,H,M,low,4
1L4,21,4to16cell,typical,NA,1L4,H,M,low,4
1L9,1,prawnchip,typical,torn,1L9,H,M,low,9
1L9,2,prawnchip,typical,NA,1L9,H,M,low,9
1L9,3,prawnchip,typical,NA,1L9,H,M,low,9
1L9,4,prawnchip,typical,NA,1L9,H,M,low,9
1L9,5,prawnchip,typical,NA,1L9,H,M,low,9
1L9,6,prawnchip,typical,NA,1L9,H,M,low,9
1L9,7,prawnchip,typical,NA,1L9,H,M,low,9
1L9,8,prawnchip,typical,NA,1L9,H,M,low,9
1L9,9,prawnchip,typical,NA,1L9,H,M,low,9
1M14,1,earlygastrula,typical,NA,1M14,H,M,mid,14
1M14,2,earlygastrula,malformed,disintegrating,1M14,H,M,mid,14
1M14,3,earlygastrula,typical,NA,1M14,H,M,mid,14
1M4,1,egg,typical,NA,1M4,H,M,mid,4
1M4,2,egg,typical,NA,1M4,H,M,mid,4
1M4,3,4to16cell,typical,NA,1M4,H,M,mid,4
1M4,4,4to16cell,typical,NA,1M4,H,M,mid,4
1M4,5,4to16cell,typical,NA,1M4,H,M,mid,4
1M4,6,cleavage,typical,NA,1M4,H,M,mid,4
1M4,7,egg,typical,NA,1M4,H,M,mid,4
1M4,8,egg,typical,NA,1M4,H,M,mid,4
1M4,9,egg,typical,NA,1M4,H,M,mid,4
1M4,10,egg,typical,NA,1M4,H,M,mid,4
1M4,11,egg,typical,NA,1M4,H,M,mid,4
1M4,12,cleavage,typical,NA,1M4,H,M,mid,4
1M4,13,egg,typical,NA,1M4,H,M,mid,4
1M4,14,egg,typical,NA,1M4,H,M,mid,4
1M4,15,egg,typical,NA,1M4,H,M,mid,4
1M4,16,egg,typical,NA,1M4,H,M,mid,4
1M4,17,egg,typical,NA,1M4,H,M,mid,4
1M4,18,egg,typical,NA,1M4,H,M,mid,4
1M4,19,egg,typical,NA,1M4,H,M,mid,4
1M4,20,egg,typical,NA,1M4,H,M,mid,4
1M4,21,egg,malformed,NA,1M4,H,M,mid,4
1M4,22,egg,typical,NA,1M4,H,M,mid,4
1M4,23,egg,typical,NA,1M4,H,M,mid,4
1M4,24,egg,typical,NA,1M4,H,M,mid,4
1M9,1,prawnchip,typical,NA,1M9,H,M,mid,9
1M9,2,prawnchip,typical,NA,1M9,H,M,mid,9
1M9,3,prawnchip,typical,NA,1M9,H,M,mid,9
1M9,4,prawnchip,typical,NA,1M9,H,M,mid,9
1M9,5,prawnchip,uncertain,NA,1M9,H,M,mid,9
1M9,6,prawnchip,typical,NA,1M9,H,M,mid,9
1M9,7,prawnchip,typical,NA,1M9,H,M,mid,9
1M9,8,prawnchip,malformed,torn,1M9,H,M,mid,9
1M9,9,prawnchip,malformed,torn,1M9,H,M,mid,9
1M9,10,prawnchip,typical,NA,1M9,H,M,mid,9
1M9,11,prawnchip,malformed,NA,1M9,H,M,mid,9
1M9,12,32to64cell,typical,NA,1M9,H,M,mid,9
3C14,1,earlygastrula,typical,NA,3C14,D,N,control,14
3C14,2,earlygastrula,typical,NA,3C14,D,N,control,14
3C14,3,earlygastrula,typical,NA,3C14,D,N,control,14
3C14,4,earlygastrula,typical,NA,3C14,D,N,control,14
3C14,5,earlygastrula,typical,NA,3C14,D,N,control,14
3C14,6,earlygastrula,typical,NA,3C14,D,N,control,14
3C14,7,earlygastrula,typical,NA,3C14,D,N,control,14
3C4,1,egg,uncertain,disintegrating,3C4,D,N,control,4
3C4,2,32to64cell,typical,NA,3C4,D,N,control,4
3C4,3,egg,typical,NA,3C4,D,N,control,4
3C4,4,4to16cell,typical,NA,3C4,D,N,control,4
3C4,5,32to64cell,typical,NA,3C4,D,N,control,4
3C4,6,egg,typical,NA,3C4,D,N,control,4
3C4,7,egg,typical,NA,3C4,D,N,control,4
3C4,8,4to16cell,typical,NA,3C4,D,N,control,4
3C4,9,egg,typical,NA,3C4,D,N,control,4
3C4,10,32to64cell,typical,NA,3C4,D,N,control,4
3C4,11,32to64cell,typical,NA,3C4,D,N,control,4
3C4,12,32to64cell,typical,NA,3C4,D,N,control,4
3C4,13,4to16cell,typical,NA,3C4,D,N,control,4
3C4,14,cleavage,uncertain,disintegrating,3C4,D,N,control,4
3C4,15,32to64cell,typical,NA,3C4,D,N,control,4
3C4,16,egg,typical,NA,3C4,D,N,control,4
3C4,17,egg,typical,NA,3C4,D,N,control,4
3C4,18,32to64cell,typical,NA,3C4,D,N,control,4
3C4,19,egg,typical,NA,3C4,D,N,control,4
3C4,20,32to64cell,typical,NA,3C4,D,N,control,4
3C4,21,32to64cell,typical,NA,3C4,D,N,control,4
3C4,22,egg,typical,NA,3C4,D,N,control,4
3C4,23,4to16cell,typical,NA,3C4,D,N,control,4
3C4,24,32to64cell,typical,NA,3C4,D,N,control,4
3C4,25,egg,typical,NA,3C4,D,N,control,4
3C4,26,cleavage,typical,NA,3C4,D,N,control,4
3C4,27,egg,typical,NA,3C4,D,N,control,4
3C4,28,egg,typical,NA,3C4,D,N,control,4
3C4,29,32to64cell,typical,NA,3C4,D,N,control,4
3C4,30,32to64cell,typical,NA,3C4,D,N,control,4
3C4,31,4to16cell,typical,NA,3C4,D,N,control,4
3C4,32,egg,typical,NA,3C4,D,N,control,4
3C4,33,egg,typical,NA,3C4,D,N,control,4
3C9,1,prawnchip,typical,NA,3C9,D,N,control,9
3C9,2,prawnchip,typical,NA,3C9,D,N,control,9
3C9,3,prawnchip,uncertain,disintegrating,3C9,D,N,control,9
3C9,4,prawnchip,typical,NA,3C9,D,N,control,9
3C9,5,prawnchip,uncertain,torn,3C9,D,N,control,9
3C9,6,prawnchip,typical,NA,3C9,D,N,control,9
3C9,7,prawnchip,typical,NA,3C9,D,N,control,9
3C9,8,prawnchip,typical,NA,3C9,D,N,control,9
3C9,9,prawnchip,typical,NA,3C9,D,N,control,9
3C9,10,prawnchip,typical,NA,3C9,D,N,control,9
3C9,11,prawnchip,typical,NA,3C9,D,N,control,9
3C9,12,prawnchip,typical,NA,3C9,D,N,control,9
3C9,13,prawnchip,typical,NA,3C9,D,N,control,9
3H14,1,earlygastrula,uncertain,disintegrating,3H14,D,N,high,14
3H14,2,earlygastrula,typical,NA,3H14,D,N,high,14
3H4,1,egg,typical,NA,3H4,D,N,high,4
3H4,2,egg,typical,NA,3H4,D,N,high,4
3H4,3,4to16cell,typical,NA,3H4,D,N,high,4
3H4,4,4to16cell,typical,NA,3H4,D,N,high,4
3H4,5,cleavage,typical,NA,3H4,D,N,high,4
3H4,6,4to16cell,typical,NA,3H4,D,N,high,4
3H4,7,egg,typical,NA,3H4,D,N,high,4
3H4,8,egg,typical,NA,3H4,D,N,high,4
3H4,9,egg,typical,NA,3H4,D,N,high,4
3H4,10,egg,typical,NA,3H4,D,N,high,4
3H4,11,egg,typical,NA,3H4,D,N,high,4
3H4,12,4to16cell,typical,NA,3H4,D,N,high,4
3H4,13,egg,typical,NA,3H4,D,N,high,4
3H4,14,egg,typical,NA,3H4,D,N,high,4
3H4,15,4to16cell,typical,NA,3H4,D,N,high,4
3H4,16,4to16cell,typical,NA,3H4,D,N,high,4
3H4,17,4to16cell,typical,NA,3H4,D,N,high,4
3H4,18,4to16cell,typical,NA,3H4,D,N,high,4
3H4,19,egg,typical,NA,3H4,D,N,high,4
3H4,20,egg,typical,NA,3H4,D,N,high,4
3H4,21,4to16cell,typical,NA,3H4,D,N,high,4
3H4,22,egg,typical,NA,3H4,D,N,high,4
3H4,23,cleavage,typical,NA,3H4,D,N,high,4
3H4,24,egg,typical,NA,3H4,D,N,high,4
3H4,25,egg,typical,NA,3H4,D,N,high,4
3H4,26,egg,typical,NA,3H4,D,N,high,4
3H4,27,egg,typical,NA,3H4,D,N,high,4
3H4,28,egg,typical,NA,3H4,D,N,high,4
3H4,29,egg,typical,NA,3H4,D,N,high,4
3H4,30,4to16cell,typical,NA,3H4,D,N,high,4
3H9,1,prawnchip,typical,NA,3H9,D,N,high,9
3H9,2,prawnchip,typical,NA,3H9,D,N,high,9
3H9,3,prawnchip,typical,NA,3H9,D,N,high,9
3H9,4,prawnchip,typical,NA,3H9,D,N,high,9
3H9,5,prawnchip,typical,NA,3H9,D,N,high,9
3H9,6,prawnchip,typical,NA,3H9,D,N,high,9
3H9,7,prawnchip,typical,NA,3H9,D,N,high,9
3H9,8,prawnchip,typical,NA,3H9,D,N,high,9
3H9,9,prawnchip,typical,NA,3H9,D,N,high,9
3L14,1,earlygastrula,typical,NA,3L14,D,N,low,14
3L14,2,earlygastrula,typical,NA,3L14,D,N,low,14
3L14,3,earlygastrula,typical,NA,3L14,D,N,low,14
3L4,1,egg,typical,NA,3L4,D,N,low,4
3L4,2,egg,typical,NA,3L4,D,N,low,4
3L4,3,4to16cell,typical,incomplete,3L4,D,N,low,4
3L4,4,4to16cell,typical,NA,3L4,D,N,low,4
3L4,5,egg,typical,NA,3L4,D,N,low,4
3L4,6,egg,typical,NA,3L4,D,N,low,4
3L4,7,egg,typical,NA,3L4,D,N,low,4
3L4,8,4to16cell,typical,NA,3L4,D,N,low,4
3L4,9,egg,typical,NA,3L4,D,N,low,4
3L4,10,egg,typical,NA,3L4,D,N,low,4
3L4,11,cleavage,typical,NA,3L4,D,N,low,4
3L4,12,cleavage,typical,NA,3L4,D,N,low,4
3L4,13,egg,typical,NA,3L4,D,N,low,4
3L4,14,egg,typical,NA,3L4,D,N,low,4
3L4,15,cleavage,typical,incomplete,3L4,D,N,low,4
3L4,16,egg,typical,NA,3L4,D,N,low,4
3L4,17,egg,typical,NA,3L4,D,N,low,4
3L4,18,egg,typical,NA,3L4,D,N,low,4
3L4,19,egg,typical,NA,3L4,D,N,low,4
3L4,20,4to16cell,typical,NA,3L4,D,N,low,4
3L9,NA,NA,NA,disintegrating,3L9,D,N,low,9
3M14,1,earlygastrula,typical,NA,3M14,D,N,mid,14
3M14,2,earlygastrula,typical,NA,3M14,D,N,mid,14
3M14,3,earlygastrula,typical,NA,3M14,D,N,mid,14
3M14,4,earlygastrula,typical,NA,3M14,D,N,mid,14
3M14,5,earlygastrula,typical,NA,3M14,D,N,mid,14
3M14,6,earlygastrula,uncertain,torn,3M14,D,N,mid,14
3M14,7,earlygastrula,typical,NA,3M14,D,N,mid,14
3M14,8,earlygastrula,typical,NA,3M14,D,N,mid,14
3M14,9,earlygastrula,typical,NA,3M14,D,N,mid,14
3M14,10,earlygastrula,typical,NA,3M14,D,N,mid,14
3M14,11,earlygastrula,malformed,NA,3M14,D,N,mid,14
3M14,12,earlygastrula,typical,NA,3M14,D,N,mid,14
3M14,13,earlygastrula,typical,NA,3M14,D,N,mid,14
3M14,14,earlygastrula,malformed,torn,3M14,D,N,mid,14
3M14,15,earlygastrula,typical,NA,3M14,D,N,mid,14
3M4,1,cleavage,typical,NA,3M4,D,N,mid,4
3M4,2,4to16cell,typical,NA,3M4,D,N,mid,4
3M4,3,egg,typical,NA,3M4,D,N,mid,4
3M4,4,4to16cell,typical,NA,3M4,D,N,mid,4
3M4,5,egg,typical,NA,3M4,D,N,mid,4
3M4,6,egg,typical,NA,3M4,D,N,mid,4
3M4,7,4to16cell,typical,NA,3M4,D,N,mid,4
3M4,8,4to16cell,typical,NA,3M4,D,N,mid,4
3M4,9,cleavage,typical,NA,3M4,D,N,mid,4
3M4,10,4to16cell,typical,NA,3M4,D,N,mid,4
3M4,11,cleavage,typical,NA,3M4,D,N,mid,4
3M4,12,cleavage,typical,NA,3M4,D,N,mid,4
3M4,13,4to16cell,typical,NA,3M4,D,N,mid,4
3M4,14,egg,typical,NA,3M4,D,N,mid,4
3M4,15,cleavage,typical,incomplete,3M4,D,N,mid,4
3M4,16,egg,typical,NA,3M4,D,N,mid,4
3M4,17,4to16cell,typical,NA,3M4,D,N,mid,4
3M4,18,cleavage,typical,NA,3M4,D,N,mid,4
3M4,19,cleavage,typical,NA,3M4,D,N,mid,4
3M4,20,egg,uncertain,NA,3M4,D,N,mid,4
3M4,21,egg,typical,NA,3M4,D,N,mid,4
3M4,22,egg,typical,NA,3M4,D,N,mid,4
3M4,23,egg,typical,NA,3M4,D,N,mid,4
3M4,24,egg,typical,NA,3M4,D,N,mid,4
3M4,25,egg,typical,NA,3M4,D,N,mid,4
3M4,26,egg,typical,NA,3M4,D,N,mid,4
3M4,27,32to64cell,typical,NA,3M4,D,N,mid,4
3M4,28,egg,typical,NA,3M4,D,N,mid,4
3M9,1,prawnchip,typical,NA,3M9,D,N,mid,9
3M9,2,prawnchip,typical,NA,3M9,D,N,mid,9
3M9,3,prawnchip,typical,NA,3M9,D,N,mid,9
3M9,4,prawnchip,uncertain,torn,3M9,D,N,mid,9
4C14,1,prawnchip,typical,NA,4C14,M,B,control,14
4C14,2,earlygastrula,typical,NA,4C14,M,B,control,14
4C14,3,prawnchip,typical,NA,4C14,M,B,control,14
4C14,4,earlygastrula,typical,NA,4C14,M,B,control,14
4C14,5,prawnchip,typical,NA,4C14,M,B,control,14
4C14,6,prawnchip,typical,NA,4C14,M,B,control,14
4C14,7,prawnchip,typical,NA,4C14,M,B,control,14
4C14,8,earlygastrula,typical,NA,4C14,M,B,control,14
4C14,9,prawnchip,uncertain,torn,4C14,M,B,control,14
4C14,10,earlygastrula,malformed,NA,4C14,M,B,control,14
4C4,1,cleavage,typical,NA,4C4,M,B,control,4
4C4,2,4to16cell,typical,NA,4C4,M,B,control,4
4C4,3,egg,typical,NA,4C4,M,B,control,4
4C4,4,cleavage,typical,NA,4C4,M,B,control,4
4C4,5,egg,typical,NA,4C4,M,B,control,4
4C4,6,egg,typical,NA,4C4,M,B,control,4
4C4,7,32to64cell,typical,NA,4C4,M,B,control,4
4C4,8,4to16cell,typical,incomplete,4C4,M,B,control,4
4C4,9,egg,typical,NA,4C4,M,B,control,4
4C4,10,4to16cell,typical,NA,4C4,M,B,control,4
4C4,11,4to16cell,malformed,NA,4C4,M,B,control,4
4C4,12,4to16cell,typical,NA,4C4,M,B,control,4
4C4,13,32to64cell,typical,NA,4C4,M,B,control,4
4C4,14,egg,malformed,NA,4C4,M,B,control,4
4C4,15,4to16cell,uncertain,NA,4C4,M,B,control,4
4C4,16,cleavage,typical,NA,4C4,M,B,control,4
4C4,17,egg,typical,NA,4C4,M,B,control,4
4C4,18,egg,typical,NA,4C4,M,B,control,4
4C4,19,egg,typical,NA,4C4,M,B,control,4
4C4,20,egg,typical,NA,4C4,M,B,control,4
4C4,21,cleavage,typical,NA,4C4,M,B,control,4
4C4,22,egg,typical,NA,4C4,M,B,control,4
4C4,23,egg,typical,NA,4C4,M,B,control,4
4C4,24,egg,typical,NA,4C4,M,B,control,4
4C4,25,4to16cell,typical,NA,4C4,M,B,control,4
4C4,26,cleavage,uncertain,disintegrating,4C4,M,B,control,4
4C4,27,egg,malformed,NA,4C4,M,B,control,4
4C4,28,egg,typical,NA,4C4,M,B,control,4
4C4,29,egg,typical,NA,4C4,M,B,control,4
4C4,30,egg,typical,NA,4C4,M,B,control,4
4C9,1,prawnchip,uncertain,NA,4C9,M,B,control,9
4C9,2,prawnchip,uncertain,NA,4C9,M,B,control,9
4C9,3,prawnchip,typical,NA,4C9,M,B,control,9
4C9,4,prawnchip,typical,NA,4C9,M,B,control,9
4C9,5,prawnchip,typical,NA,4C9,M,B,control,9
4C9,6,prawnchip,typical,NA,4C9,M,B,control,9
4C9,7,prawnchip,typical,NA,4C9,M,B,control,9
4C9,8,prawnchip,uncertain,NA,4C9,M,B,control,9
4C9,9,prawnchip,malformed,torn,4C9,M,B,control,9
4C9,10,prawnchip,typical,NA,4C9,M,B,control,9
4C9,11,prawnchip,typical,NA,4C9,M,B,control,9
4C9,12,prawnchip,typical,NA,4C9,M,B,control,9
4C9,13,prawnchip,typical,NA,4C9,M,B,control,9
4C9,14,prawnchip,typical,NA,4C9,M,B,control,9
4C9,15,prawnchip,typical,NA,4C9,M,B,control,9
4C9,16,prawnchip,typical,NA,4C9,M,B,control,9
4C9,17,prawnchip,typical,NA,4C9,M,B,control,9
4H14,1,earlygastrula,typical,NA,4H14,M,B,high,14
4H14,2,egg,uncertain,disintegrating,4H14,M,B,high,14
4H14,3,earlygastrula,typical,NA,4H14,M,B,high,14
4H14,4,earlygastrula,uncertain,torn,4H14,M,B,high,14
4H14,5,earlygastrula,uncertain,torn,4H14,M,B,high,14
4H14,6,earlygastrula,uncertain,torn,4H14,M,B,high,14
4H14,7,earlygastrula,typical,NA,4H14,M,B,high,14
4H14,8,prawnchip,typical,NA,4H14,M,B,high,14
4H14,9,earlygastrula,typical,NA,4H14,M,B,high,14
4H14,10,earlygastrula,typical,NA,4H14,M,B,high,14
4H4,1,egg,typical,NA,4H4,M,B,high,4
4H4,2,4to16cell,typical,NA,4H4,M,B,high,4
4H4,3,4to16cell,typical,NA,4H4,M,B,high,4
4H4,4,4to16cell,typical,NA,4H4,M,B,high,4
4H4,5,egg,typical,NA,4H4,M,B,high,4
4H4,6,cleavage,typical,NA,4H4,M,B,high,4
4H4,7,4to16cell,typical,NA,4H4,M,B,high,4
4H4,8,4to16cell,typical,NA,4H4,M,B,high,4
4H4,9,egg,typical,NA,4H4,M,B,high,4
4H4,10,4to16cell,typical,NA,4H4,M,B,high,4
4H4,11,cleavage,typical,NA,4H4,M,B,high,4
4H4,12,cleavage,typical,incomplete,4H4,M,B,high,4
4H4,13,egg,typical,NA,4H4,M,B,high,4
4H4,14,egg,typical,NA,4H4,M,B,high,4
4H4,15,egg,typical,NA,4H4,M,B,high,4
4H4,16,egg,typical,NA,4H4,M,B,high,4
4H4,17,egg,typical,NA,4H4,M,B,high,4
4H4,18,4to16cell,typical,NA,4H4,M,B,high,4
4H4,19,cleavage,typical,NA,4H4,M,B,high,4
4H4,20,egg,typical,NA,4H4,M,B,high,4
4H4,21,egg,typical,NA,4H4,M,B,high,4
4H4,22,egg,typical,NA,4H4,M,B,high,4
4H4,23,egg,typical,NA,4H4,M,B,high,4
4H4,24,4to16cell,typical,NA,4H4,M,B,high,4
4H4,25,egg,typical,NA,4H4,M,B,high,4
4H9,1,prawnchip,typical,NA,4H9,M,B,high,9
4H9,2,prawnchip,uncertain,torn,4H9,M,B,high,9
4H9,3,prawnchip,typical,NA,4H9,M,B,high,9
4H9,4,prawnchip,typical,NA,4H9,M,B,high,9
4L14,1,earlygastrula,typical,NA,4L14,M,B,low,14
4L14,2,earlygastrula,typical,NA,4L14,M,B,low,14
4L14,3,earlygastrula,typical,NA,4L14,M,B,low,14
4L14,4,earlygastrula,typical,NA,4L14,M,B,low,14
4L14,5,earlygastrula,typical,NA,4L14,M,B,low,14
4L14,6,earlygastrula,typical,NA,4L14,M,B,low,14
4L14,7,earlygastrula,uncertain,torn,4L14,M,B,low,14
4L14,8,earlygastrula,uncertain,torn,4L14,M,B,low,14
4L14,9,earlygastrula,typical,NA,4L14,M,B,low,14
4L14,10,earlygastrula,typical,NA,4L14,M,B,low,14
4L14,11,earlygastrula,typical,NA,4L14,M,B,low,14
4L14,12,earlygastrula,typical,NA,4L14,M,B,low,14
4L14,13,earlygastrula,typical,NA,4L14,M,B,low,14
4L14,14,earlygastrula,typical,NA,4L14,M,B,low,14
4L14,15,earlygastrula,typical,NA,4L14,M,B,low,14
4L4,1,cleavage,malformed,NA,4L4,M,B,low,4
4L4,2,4to16cell,typical,NA,4L4,M,B,low,4
4L4,3,cleavage,typical,NA,4L4,M,B,low,4
4L4,4,4to16cell,typical,incomplete,4L4,M,B,low,4
4L4,5,egg,typical,NA,4L4,M,B,low,4
4L4,6,cleavage,typical,NA,4L4,M,B,low,4
4L4,7,egg,typical,NA,4L4,M,B,low,4
4L4,8,egg,typical,NA,4L4,M,B,low,4
4L4,9,cleavage,typical,NA,4L4,M,B,low,4
4L4,10,egg,typical,NA,4L4,M,B,low,4
4L4,11,cleavage,typical,incomplete,4L4,M,B,low,4
4L4,12,egg,typical,NA,4L4,M,B,low,4
4L4,13,4to16cell,typical,NA,4L4,M,B,low,4
4L4,14,4to16cell,typical,NA,4L4,M,B,low,4
4L4,15,cleavage,typical,NA,4L4,M,B,low,4
4L4,16,cleavage,typical,NA,4L4,M,B,low,4
4L4,17,egg,typical,NA,4L4,M,B,low,4
4L4,18,egg,typical,NA,4L4,M,B,low,4
4L4,19,egg,typical,NA,4L4,M,B,low,4
4L4,20,egg,typical,NA,4L4,M,B,low,4
4L4,21,egg,typical,NA,4L4,M,B,low,4
4L4,22,egg,typical,NA,4L4,M,B,low,4
4L4,23,egg,typical,NA,4L4,M,B,low,4
4L4,24,egg,typical,NA,4L4,M,B,low,4
4L4,25,egg,typical,NA,4L4,M,B,low,4
4L4,26,4to16cell,typical,NA,4L4,M,B,low,4
4L4,27,egg,typical,NA,4L4,M,B,low,4
4L4,28,cleavage,typical,NA,4L4,M,B,low,4
4L4,29,4to16cell,typical,NA,4L4,M,B,low,4
4L4,30,egg,typical,NA,4L4,M,B,low,4
4L4,31,4to16cell,typical,NA,4L4,M,B,low,4
4L4,32,4to16cell,typical,NA,4L4,M,B,low,4
4L4,33,egg,typical,NA,4L4,M,B,low,4
4L4,34,4to16cell,typical,NA,4L4,M,B,low,4
4L9,1,32to64cell,uncertain,torn,4L9,M,B,low,9
4L9,2,prawnchip,typical,NA,4L9,M,B,low,9
4L9,3,prawnchip,uncertain,NA,4L9,M,B,low,9
4L9,4,prawnchip,typical,NA,4L9,M,B,low,9
4L9,5,prawnchip,malformed,NA,4L9,M,B,low,9
4L9,6,prawnchip,typical,NA,4L9,M,B,low,9
4M14,1,earlygastrula,typical,NA,4M14,M,B,mid,14
4M14,2,earlygastrula,typical,NA,4M14,M,B,mid,14
4M14,3,earlygastrula,typical,NA,4M14,M,B,mid,14
4M14,4,earlygastrula,typical,NA,4M14,M,B,mid,14
4M14,5,earlygastrula,typical,NA,4M14,M,B,mid,14
4M14,6,earlygastrula,uncertain,torn,4M14,M,B,mid,14
4M14,7,earlygastrula,typical,NA,4M14,M,B,mid,14
4M14,8,earlygastrula,typical,NA,4M14,M,B,mid,14
4M14,9,earlygastrula,typical,NA,4M14,M,B,mid,14
4M14,10,earlygastrula,typical,NA,4M14,M,B,mid,14
4M14,11,earlygastrula,typical,NA,4M14,M,B,mid,14
4M14,12,earlygastrula,typical,NA,4M14,M,B,mid,14
4M14,13,earlygastrula,typical,NA,4M14,M,B,mid,14
4M14,14,earlygastrula,typical,NA,4M14,M,B,mid,14
4M14,15,earlygastrula,typical,NA,4M14,M,B,mid,14
4M4,1,egg,typical,NA,4M4,M,B,mid,4
4M4,2,32to64cell,typical,NA,4M4,M,B,mid,4
4M4,3,4to16cell,typical,NA,4M4,M,B,mid,4
4M4,4,4to16cell,typical,NA,4M4,M,B,mid,4
4M4,5,cleavage,typical,NA,4M4,M,B,mid,4
4M4,6,egg,typical,NA,4M4,M,B,mid,4
4M4,7,egg,typical,NA,4M4,M,B,mid,4
4M4,8,egg,typical,NA,4M4,M,B,mid,4
4M4,9,egg,typical,NA,4M4,M,B,mid,4
4M4,10,egg,typical,NA,4M4,M,B,mid,4
4M4,11,egg,typical,NA,4M4,M,B,mid,4
4M4,12,egg,typical,NA,4M4,M,B,mid,4
4M4,13,32to64cell,typical,NA,4M4,M,B,mid,4
4M4,14,4to16cell,typical,NA,4M4,M,B,mid,4
4M4,15,egg,typical,NA,4M4,M,B,mid,4
4M4,16,egg,typical,NA,4M4,M,B,mid,4
4M4,17,egg,typical,NA,4M4,M,B,mid,4
4M4,18,egg,typical,NA,4M4,M,B,mid,4
4M4,19,egg,typical,NA,4M4,M,B,mid,4
4M4,20,cleavage,typical,NA,4M4,M,B,mid,4
4M4,21,4to16cell,typical,NA,4M4,M,B,mid,4
4M4,22,egg,typical,NA,4M4,M,B,mid,4
4M4,23,egg,typical,NA,4M4,M,B,mid,4
4M4,24,egg,typical,NA,4M4,M,B,mid,4
4M4,25,egg,typical,NA,4M4,M,B,mid,4
4M4,26,32to64cell,typical,NA,4M4,M,B,mid,4
4M4,27,32to64cell,typical,NA,4M4,M,B,mid,4
4M9,1,prawnchip,uncertain,torn,4M9,M,B,mid,9
4M9,2,prawnchip,typical,NA,4M9,M,B,mid,9
4M9,3,prawnchip,typical,NA,4M9,M,B,mid,9
4M9,4,prawnchip,typical,NA,4M9,M,B,mid,9
4M9,5,prawnchip,typical,NA,4M9,M,B,mid,9
4M9,6,prawnchip,typical,NA,4M9,M,B,mid,9
4M9,7,prawnchip,typical,NA,4M9,M,B,mid,9
4M9,8,prawnchip,uncertain,torn,4M9,M,B,mid,9
4M9,9,prawnchip,typical,NA,4M9,M,B,mid,9
4M9,10,prawnchip,typical,NA,4M9,M,B,mid,9
5C14,1,earlygastrula,typical,NA,5C14,1-White,J/N,control,14
5C14,2,earlygastrula,typical,NA,5C14,1-White,J/N,control,14
5C14,3,earlygastrula,typical,NA,5C14,1-White,J/N,control,14
5C14,4,earlygastrula,typical,NA,5C14,1-White,J/N,control,14
5C14,5,prawnchip,uncertain,torn,5C14,1-White,J/N,control,14
5C14,6,earlygastrula,typical,NA,5C14,1-White,J/N,control,14
5C14,7,earlygastrula,typical,NA,5C14,1-White,J/N,control,14
5C14,8,earlygastrula,typical,NA,5C14,1-White,J/N,control,14
5C14,9,prawnchip,uncertain,disintegrating,5C14,1-White,J/N,control,14
5C14,10,earlygastrula,uncertain,torn,5C14,1-White,J/N,control,14
5C4,1,egg,typical,NA,5C4,1-White,M,control,4
5C4,2,egg,typical,NA,5C4,1-White,M,control,4
5C4,3,egg,typical,NA,5C4,1-White,M,control,4
5C4,4,egg,typical,NA,5C4,1-White,M,control,4
5C4,5,egg,typical,NA,5C4,1-White,M,control,4
5C4,6,egg,typical,NA,5C4,1-White,M,control,4
5C4,7,egg,typical,NA,5C4,1-White,M,control,4
5C4,8,egg,typical,NA,5C4,1-White,M,control,4
5C4,9,egg,typical,NA,5C4,1-White,M,control,4
5C4,10,egg,typical,NA,5C4,1-White,M,control,4
5C4,11,egg,typical,NA,5C4,1-White,M,control,4
5C4,12,egg,typical,NA,5C4,1-White,M,control,4
5C4,13,egg,typical,NA,5C4,1-White,M,control,4
5C4,14,egg,typical,NA,5C4,1-White,M,control,4
5C4,15,egg,typical,NA,5C4,1-White,M,control,4
5C4,16,egg,typical,NA,5C4,1-White,M,control,4
5C4,17,egg,typical,NA,5C4,1-White,M,control,4
5C4,18,egg,typical,NA,5C4,1-White,M,control,4
5C4,19,egg,typical,NA,5C4,1-White,M,control,4
5C4,20,egg,typical,NA,5C4,1-White,M,control,4
5C4,21,egg,typical,NA,5C4,1-White,M,control,4
5C4,22,egg,typical,NA,5C4,1-White,M,control,4
5C4,23,egg,typical,NA,5C4,1-White,M,control,4
5C4,24,egg,typical,NA,5C4,1-White,M,control,4
5C4,25,egg,typical,NA,5C4,1-White,M,control,4
5C4,26,egg,typical,NA,5C4,1-White,M,control,4
5C9,1,prawnchip,typical,NA,5C9,1-White,M,control,9
5C9,2,prawnchip,typical,NA,5C9,1-White,M,control,9
5H14,1,earlygastrula,typical,NA,5H14,1-White,J/N,high,14
5H14,2,prawnchip,uncertain,disintegrating,5H14,1-White,J/N,high,14
5H14,3,prawnchip,uncertain,torn,5H14,1-White,J/N,high,14
5H4,1,egg,typical,NA,5H4,1-White,M,high,4
5H4,2,egg,typical,NA,5H4,1-White,M,high,4
5H4,3,egg,typical,NA,5H4,1-White,M,high,4
5H4,4,4to16cell,typical,NA,5H4,1-White,M,high,4
5H4,5,egg,typical,NA,5H4,1-White,M,high,4
5H4,6,egg,typical,NA,5H4,1-White,M,high,4
5H4,7,egg,typical,NA,5H4,1-White,M,high,4
5H4,8,egg,typical,NA,5H4,1-White,M,high,4
5H4,9,egg,typical,NA,5H4,1-White,M,high,4
5H4,10,egg,typical,NA,5H4,1-White,M,high,4
5H4,11,egg,typical,NA,5H4,1-White,M,high,4
5H4,12,egg,typical,NA,5H4,1-White,M,high,4
5H4,13,egg,typical,NA,5H4,1-White,M,high,4
5H4,14,4to16cell,typical,NA,5H4,1-White,M,high,4
5H4,15,32to64cell,typical,NA,5H4,1-White,M,high,4
5H4,16,egg,typical,NA,5H4,1-White,M,high,4
5H4,17,egg,typical,NA,5H4,1-White,M,high,4
5H4,18,egg,typical,NA,5H4,1-White,M,high,4
5H4,19,egg,typical,NA,5H4,1-White,M,high,4
5H4,20,egg,typical,NA,5H4,1-White,M,high,4
5H4,21,egg,typical,NA,5H4,1-White,M,high,4
5H4,22,egg,typical,NA,5H4,1-White,M,high,4
5H4,23,egg,typical,NA,5H4,1-White,M,high,4
5H4,24,egg,typical,NA,5H4,1-White,M,high,4
5H4,25,4to16cell,typical,NA,5H4,1-White,M,high,4
5H4,26,egg,typical,NA,5H4,1-White,M,high,4
5H9,1,prawnchip,malformed,torn,5H9,1-White,J,high,9
5H9,2,prawnchip,typical,NA,5H9,1-White,J,high,9
5H9,3,prawnchip,typical,NA,5H9,1-White,J,high,9
5H9,4,prawnchip,typical,NA,5H9,1-White,J,high,9
5H9,5,prawnchip,typical,NA,5H9,1-White,J,high,9
5H9,6,prawnchip,typical,NA,5H9,1-White,J,high,9
5H9,7,prawnchip,uncertain,torn,5H9,1-White,J,high,9
5H9,8,prawnchip,typical,NA,5H9,1-White,J,high,9
5H9,9,prawnchip,uncertain,NA,5H9,1-White,J,high,9
5H9,10,prawnchip,typical,NA,5H9,1-White,J,high,9
5H9,11,prawnchip,typical,NA,5H9,1-White,J,high,9
5H9,12,prawnchip,typical,NA,5H9,1-White,J,high,9
5H9,13,prawnchip,typical,NA,5H9,1-White,J,high,9
5H9,14,prawnchip,typical,NA,5H9,1-White,J,high,9
5H9,15,prawnchip,uncertain,NA,5H9,1-White,J,high,9
5L14,1,earlygastrula,uncertain,torn,5L14,1-White,J/N,low,14
5L14,2,earlygastrula,uncertain,torn,5L14,1-White,J/N,low,14
5L14,3,earlygastrula,typical,NA,5L14,1-White,J/N,low,14
5L14,4,earlygastrula,typical,NA,5L14,1-White,J/N,low,14
5L14,5,earlygastrula,uncertain,torn,5L14,1-White,J/N,low,14
5L14,6,earlygastrula,uncertain,torn,5L14,1-White,J/N,low,14
5L14,7,earlygastrula,typical,NA,5L14,1-White,J/N,low,14
5L14,8,earlygastrula,typical,NA,5L14,1-White,J/N,low,14
5L14,9,earlygastrula,typical,NA,5L14,1-White,J/N,low,14
5L14,10,earlygastrula,typical,NA,5L14,1-White,J/N,low,14
5L14,11,earlygastrula,uncertain,disintegrating,5L14,1-White,J/N,low,14
5L14,12,earlygastrula,typical,NA,5L14,1-White,J/N,low,14
5L14,13,earlygastrula,typical,NA,5L14,1-White,J/N,low,14
5L14,14,earlygastrula,typical,NA,5L14,1-White,J/N,low,14
5L14,15,earlygastrula,typical,NA,5L14,1-White,J/N,low,14
5L14,16,earlygastrula,typical,NA,5L14,1-White,J/N,low,14
5L14,17,earlygastrula,typical,NA,5L14,1-White,J/N,low,14
5L4,1,egg,typical,NA,5L4,1-White,M,low,4
5L4,2,egg,typical,NA,5L4,1-White,M,low,4
5L4,3,egg,typical,NA,5L4,1-White,M,low,4
5L4,4,egg,typical,NA,5L4,1-White,M,low,4
5L4,5,egg,typical,NA,5L4,1-White,M,low,4
5L4,6,egg,typical,NA,5L4,1-White,M,low,4
5L4,7,egg,typical,NA,5L4,1-White,M,low,4
5L4,8,egg,typical,NA,5L4,1-White,M,low,4
5L4,9,cleavage,typical,NA,5L4,1-White,M,low,4
5L4,10,egg,typical,NA,5L4,1-White,M,low,4
5L4,11,egg,typical,NA,5L4,1-White,M,low,4
5L4,12,cleavage,typical,NA,5L4,1-White,M,low,4
5L4,13,egg,typical,NA,5L4,1-White,M,low,4
5L4,14,egg,typical,NA,5L4,1-White,M,low,4
5L4,15,cleavage,typical,NA,5L4,1-White,M,low,4
5L4,16,egg,typical,NA,5L4,1-White,M,low,4
5L4,17,egg,typical,NA,5L4,1-White,M,low,4
5L4,18,egg,typical,NA,5L4,1-White,M,low,4
5L4,19,cleavage,typical,NA,5L4,1-White,M,low,4
5L4,20,egg,typical,NA,5L4,1-White,M,low,4
5L4,21,egg,typical,NA,5L4,1-White,M,low,4
5L4,22,egg,typical,NA,5L4,1-White,M,low,4
5L4,23,egg,typical,NA,5L4,1-White,M,low,4
5L4,24,egg,typical,NA,5L4,1-White,M,low,4
5L4,25,egg,typical,NA,5L4,1-White,M,low,4
5L4,26,egg,typical,NA,5L4,1-White,M,low,4
5L4,27,egg,typical,NA,5L4,1-White,M,low,4
5L4,28,egg,typical,NA,5L4,1-White,M,low,4
5L4,29,egg,typical,NA,5L4,1-White,M,low,4
5L4,30,egg,typical,NA,5L4,1-White,M,low,4
5L9,1,prawnchip,uncertain,torn,5L9,1-White,J,low,9
5L9,2,prawnchip,typical,NA,5L9,1-White,J,low,9
5L9,3,prawnchip,typical,NA,5L9,1-White,J,low,9
5L9,4,prawnchip,uncertain,torn,5L9,1-White,J,low,9
5L9,5,prawnchip,typical,NA,5L9,1-White,J,low,9
5L9,6,prawnchip,typical,NA,5L9,1-White,J,low,9
5L9,7,prawnchip,uncertain,torn,5L9,1-White,J,low,9
5L9,8,prawnchip,typical,NA,5L9,1-White,J,low,9
5L9,9,prawnchip,malformed,torn,5L9,1-White,J,low,9
5L9,10,prawnchip,typical,NA,5L9,1-White,J,low,9
5L9,11,prawnchip,uncertain,torn,5L9,1-White,J,low,9
5L9,12,prawnchip,typical,NA,5L9,1-White,J,low,9
5L9,13,prawnchip,typical,NA,5L9,1-White,J,low,9
5L9,14,prawnchip,typical,NA,5L9,1-White,J,low,9
5M14,1,earlygastrula,typical,NA,5M14,1-White,J/N,mid,14
5M14,2,earlygastrula,typical,NA,5M14,1-White,J/N,mid,14
5M14,3,earlygastrula,typical,NA,5M14,1-White,J/N,mid,14
5M14,4,earlygastrula,typical,NA,5M14,1-White,J/N,mid,14
5M14,5,earlygastrula,typical,NA,5M14,1-White,J/N,mid,14
5M14,6,earlygastrula,typical,NA,5M14,1-White,J/N,mid,14
5M14,7,earlygastrula,uncertain,torn,5M14,1-White,J/N,mid,14
5M14,8,earlygastrula,typical,NA,5M14,1-White,J/N,mid,14
5M14,9,earlygastrula,typical,NA,5M14,1-White,J/N,mid,14
5M14,10,earlygastrula,typical,NA,5M14,1-White,J/N,mid,14
5M14,11,earlygastrula,typical,NA,5M14,1-White,J/N,mid,14
5M14,12,earlygastrula,typical,NA,5M14,1-White,J/N,mid,14
5M14,13,earlygastrula,typical,NA,5M14,1-White,J/N,mid,14
5M14,14,earlygastrula,uncertain,torn,5M14,1-White,J/N,mid,14
5M4,1,4to16cell,typical,NA,5M4,1-White,M,mid,4
5M4,2,egg,typical,NA,5M4,1-White,M,mid,4
5M4,3,egg,typical,NA,5M4,1-White,M,mid,4
5M4,4,egg,typical,NA,5M4,1-White,M,mid,4
5M4,5,egg,typical,NA,5M4,1-White,M,mid,4
5M4,6,egg,typical,NA,5M4,1-White,M,mid,4
5M4,7,egg,typical,NA,5M4,1-White,M,mid,4
5M4,8,egg,typical,NA,5M4,1-White,M,mid,4
5M4,9,egg,typical,NA,5M4,1-White,M,mid,4
5M4,10,egg,typical,NA,5M4,1-White,M,mid,4
5M4,11,egg,typical,NA,5M4,1-White,M,mid,4
5M4,12,egg,typical,NA,5M4,1-White,M,mid,4
5M4,13,egg,typical,NA,5M4,1-White,M,mid,4
5M4,14,egg,typical,NA,5M4,1-White,M,mid,4
5M4,15,egg,typical,NA,5M4,1-White,M,mid,4
5M4,16,egg,typical,NA,5M4,1-White,M,mid,4
5M4,17,egg,typical,NA,5M4,1-White,M,mid,4
5M4,18,egg,typical,NA,5M4,1-White,M,mid,4
5M4,19,egg,typical,NA,5M4,1-White,M,mid,4
5M4,20,4to16cell,typical,NA,5M4,1-White,M,mid,4
5M4,21,egg,typical,NA,5M4,1-White,M,mid,4
5M4,22,egg,typical,NA,5M4,1-White,M,mid,4
5M4,23,egg,typical,NA,5M4,1-White,M,mid,4
5M4,24,egg,typical,NA,5M4,1-White,M,mid,4
5M4,25,egg,typical,NA,5M4,1-White,M,mid,4
5M4,26,egg,typical,NA,5M4,1-White,M,mid,4
5M9,1,prawnchip,uncertain,torn,5M9,1-White,J,mid,9
5M9,2,prawnchip,typical,NA,5M9,1-White,J,mid,9
5M9,3,prawnchip,uncertain,torn,5M9,1-White,J,mid,9
5M9,4,prawnchip,malformed,torn,5M9,1-White,J,mid,9
5M9,5,prawnchip,typical,NA,5M9,1-White,J,mid,9
5M9,6,prawnchip,typical,NA,5M9,1-White,J,mid,9
5M9,7,prawnchip,typical,NA,5M9,1-White,J,mid,9
5M9,8,32to64cell,malformed,disintegrating,5M9,1-White,J,mid,9
5M9,9,prawnchip,typical,NA,5M9,1-White,J,mid,9
5M9,10,prawnchip,typical,NA,5M9,1-White,J,mid,9
5M9,11,prawnchip,typical,NA,5M9,1-White,J,mid,9
5M9,12,prawnchip,typical,NA,5M9,1-White,J,mid,9
5M9,13,prawnchip,typical,NA,5M9,1-White,J,mid,9
5M9,14,egg,malformed,disintegrating,5M9,1-White,J,mid,9
5M9,15,prawnchip,typical,NA,5M9,1-White,J,mid,9
6C14,1,earlygastrula,typical,NA,6C14,1-White,E,control,14
6C14,2,earlygastrula,typical,NA,6C14,1-White,E,control,14
6C14,3,earlygastrula,typical,NA,6C14,1-White,E,control,14
6C14,4,earlygastrula,typical,NA,6C14,1-White,E,control,14
6C14,5,earlygastrula,typical,NA,6C14,1-White,E,control,14
6C14,6,earlygastrula,typical,NA,6C14,1-White,E,control,14
6C14,7,earlygastrula,typical,NA,6C14,1-White,E,control,14
6C14,8,earlygastrula,typical,NA,6C14,1-White,E,control,14
6C14,9,earlygastrula,typical,NA,6C14,1-White,E,control,14
6C14,10,earlygastrula,typical,NA,6C14,1-White,E,control,14
6C14,11,earlygastrula,typical,NA,6C14,1-White,E,control,14
6C14,12,earlygastrula,typical,NA,6C14,1-White,E,control,14
6C14,13,earlygastrula,typical,NA,6C14,1-White,E,control,14
6C14,14,earlygastrula,typical,NA,6C14,1-White,E,control,14
6C14,15,earlygastrula,typical,NA,6C14,1-White,E,control,14
6C14,16,earlygastrula,typical,NA,6C14,1-White,E,control,14
6C14,17,earlygastrula,uncertain,torn,6C14,1-White,E,control,14
6C4,1,egg,typical,NA,6C4,1-White,E,control,4
6C4,2,egg,typical,NA,6C4,1-White,E,control,4
6C4,3,egg,typical,NA,6C4,1-White,E,control,4
6C4,4,egg,typical,NA,6C4,1-White,E,control,4
6C4,5,egg,typical,NA,6C4,1-White,E,control,4
6C4,6,egg,typical,NA,6C4,1-White,E,control,4
6C4,7,egg,typical,NA,6C4,1-White,E,control,4
6C4,8,egg,typical,NA,6C4,1-White,E,control,4
6C4,9,egg,typical,NA,6C4,1-White,E,control,4
6C4,10,egg,typical,NA,6C4,1-White,E,control,4
6C4,11,egg,typical,NA,6C4,1-White,E,control,4
6C4,12,egg,typical,NA,6C4,1-White,E,control,4
6C4,13,egg,typical,NA,6C4,1-White,E,control,4
6C4,14,egg,typical,NA,6C4,1-White,E,control,4
6C4,15,egg,typical,NA,6C4,1-White,E,control,4
6C4,16,egg,typical,NA,6C4,1-White,E,control,4
6C4,17,egg,typical,NA,6C4,1-White,E,control,4
6C4,18,egg,typical,NA,6C4,1-White,E,control,4
6C4,19,egg,typical,NA,6C4,1-White,E,control,4
6C4,20,egg,typical,NA,6C4,1-White,E,control,4
6C4,21,egg,typical,NA,6C4,1-White,E,control,4
6C4,22,egg,typical,NA,6C4,1-White,E,control,4
6C4,23,egg,typical,NA,6C4,1-White,E,control,4
6C4,24,egg,typical,NA,6C4,1-White,E,control,4
6C4,25,egg,typical,NA,6C4,1-White,E,control,4
6C4,26,egg,typical,NA,6C4,1-White,E,control,4
6C4,27,egg,typical,NA,6C4,1-White,E,control,4
6C4,28,egg,typical,NA,6C4,1-White,E,control,4
6C4,29,egg,typical,NA,6C4,1-White,E,control,4
6C4,30,egg,typical,NA,6C4,1-White,E,control,4
6C4,31,egg,typical,NA,6C4,1-White,E,control,4
6C4,32,egg,typical,NA,6C4,1-White,E,control,4
6C9,1,prawnchip,uncertain,disintegrating,6C9,1-White,E,control,9
6C9,2,prawnchip,typical,NA,6C9,1-White,E,control,9
6C9,3,prawnchip,typical,NA,6C9,1-White,E,control,9
6C9,4,prawnchip,typical,NA,6C9,1-White,E,control,9
6C9,5,prawnchip,typical,NA,6C9,1-White,E,control,9
6C9,6,prawnchip,typical,NA,6C9,1-White,E,control,9
6C9,7,prawnchip,typical,NA,6C9,1-White,E,control,9
6C9,8,egg,typical,NA,6C9,1-White,E,control,9
6C9,9,prawnchip,typical,NA,6C9,1-White,E,control,9
6C9,10,egg,uncertain,disintegrating,6C9,1-White,E,control,9
6C9,11,egg,uncertain,disintegrating,6C9,1-White,E,control,9
6C9,12,32to64cell,typical,NA,6C9,1-White,E,control,9
6C9,13,prawnchip,uncertain,torn,6C9,1-White,E,control,9
6C9,14,prawnchip,typical,NA,6C9,1-White,E,control,9
6H14,1,earlygastrula,typical,NA,6H14,1-White,E,high,14
6H14,2,earlygastrula,typical,NA,6H14,1-White,E,high,14
6H14,3,earlygastrula,typical,NA,6H14,1-White,E,high,14
6H14,4,earlygastrula,typical,NA,6H14,1-White,E,high,14
6H14,5,prawnchip,malformed,NA,6H14,1-White,E,high,14
6H14,6,earlygastrula,typical,NA,6H14,1-White,E,high,14
6H14,7,earlygastrula,typical,NA,6H14,1-White,E,high,14
6H14,8,earlygastrula,uncertain,torn,6H14,1-White,E,high,14
6H14,9,earlygastrula,typical,NA,6H14,1-White,E,high,14
6H14,10,earlygastrula,typical,NA,6H14,1-White,E,high,14
6H14,11,earlygastrula,typical,NA,6H14,1-White,E,high,14
6H14,12,prawnchip,malformed,NA,6H14,1-White,E,high,14
6H14,13,earlygastrula,typical,NA,6H14,1-White,E,high,14
6H14,14,earlygastrula,typical,NA,6H14,1-White,E,high,14
6H4,1,egg,typical,NA,6H4,1-White,E,high,4
6H4,2,egg,typical,NA,6H4,1-White,E,high,4
6H4,3,egg,typical,NA,6H4,1-White,E,high,4
6H4,4,egg,typical,NA,6H4,1-White,E,high,4
6H4,5,egg,typical,NA,6H4,1-White,E,high,4
6H4,6,egg,typical,NA,6H4,1-White,E,high,4
6H4,7,egg,typical,NA,6H4,1-White,E,high,4
6H4,8,egg,typical,NA,6H4,1-White,E,high,4
6H4,9,egg,typical,NA,6H4,1-White,E,high,4
6H4,10,egg,typical,NA,6H4,1-White,E,high,4
6H4,11,egg,typical,NA,6H4,1-White,E,high,4
6H4,12,egg,typical,NA,6H4,1-White,E,high,4
6H4,13,egg,typical,NA,6H4,1-White,E,high,4
6H4,14,egg,typical,NA,6H4,1-White,E,high,4
6H4,15,egg,typical,NA,6H4,1-White,E,high,4
6H4,16,egg,typical,NA,6H4,1-White,E,high,4
6H4,17,egg,typical,NA,6H4,1-White,E,high,4
6H4,18,egg,typical,NA,6H4,1-White,E,high,4
6H4,19,egg,typical,NA,6H4,1-White,E,high,4
6H4,20,egg,typical,NA,6H4,1-White,E,high,4
6H4,21,egg,typical,NA,6H4,1-White,E,high,4
6H4,22,egg,typical,NA,6H4,1-White,E,high,4
6H4,23,egg,typical,NA,6H4,1-White,E,high,4
6H4,24,egg,typical,NA,6H4,1-White,E,high,4
6H4,25,egg,typical,NA,6H4,1-White,E,high,4
6H4,26,egg,typical,NA,6H4,1-White,E,high,4
6H4,27,egg,typical,NA,6H4,1-White,E,high,4
6H9,1,prawnchip,typical,NA,6H9,1-White,E,high,9
6H9,2,prawnchip,typical,NA,6H9,1-White,E,high,9
6H9,3,prawnchip,typical,NA,6H9,1-White,E,high,9
6H9,4,prawnchip,typical,NA,6H9,1-White,E,high,9
6H9,5,egg,uncertain,disintegrating,6H9,1-White,E,high,9
6H9,6,prawnchip,typical,NA,6H9,1-White,E,high,9
6H9,7,egg,uncertain,disintegrating,6H9,1-White,E,high,9
6H9,8,prawnchip,typical,NA,6H9,1-White,E,high,9
6H9,9,egg,typical,NA,6H9,1-White,E,high,9
6H9,10,egg,typical,NA,6H9,1-White,E,high,9
6H9,11,egg,typical,NA,6H9,1-White,E,high,9
6H9,12,egg,typical,NA,6H9,1-White,E,high,9
6H9,13,egg,uncertain,torn,6H9,1-White,E,high,9
6H9,14,egg,uncertain,disintegrating,6H9,1-White,E,high,9
6H9,15,egg,uncertain,disintegrating,6H9,1-White,E,high,9
6H9,16,egg,typical,NA,6H9,1-White,E,high,9
6H9,17,prawnchip,typical,NA,6H9,1-White,E,high,9
6H9,18,egg,typical,NA,6H9,1-White,E,high,9
6H9,19,egg,uncertain,disintegrating,6H9,1-White,E,high,9
6H9,20,egg,uncertain,disintegrating,6H9,1-White,E,high,9
6H9,21,prawnchip,uncertain,torn,6H9,1-White,E,high,9
6H9,22,prawnchip,typical,NA,6H9,1-White,E,high,9
6H9,23,egg,typical,NA,6H9,1-White,E,high,9
6L14,1,earlygastrula,typical,NA,6L14,1-White,E,low,14
6L14,2,earlygastrula,typical,NA,6L14,1-White,E,low,14
6L14,3,earlygastrula,typical,NA,6L14,1-White,E,low,14
6L14,4,earlygastrula,typical,NA,6L14,1-White,E,low,14
6L14,5,earlygastrula,typical,NA,6L14,1-White,E,low,14
6L14,6,earlygastrula,typical,NA,6L14,1-White,E,low,14
6L14,7,earlygastrula,typical,NA,6L14,1-White,E,low,14
6L14,8,earlygastrula,typical,NA,6L14,1-White,E,low,14
6L14,9,earlygastrula,uncertain,torn,6L14,1-White,E,low,14
6L14,10,earlygastrula,typical,NA,6L14,1-White,E,low,14
6L14,11,earlygastrula,typical,NA,6L14,1-White,E,low,14
6L14,12,earlygastrula,typical,NA,6L14,1-White,E,low,14
6L14,13,earlygastrula,typical,NA,6L14,1-White,E,low,14
6L14,14,earlygastrula,typical,NA,6L14,1-White,E,low,14
6L14,15,earlygastrula,typical,NA,6L14,1-White,E,low,14
6L14,16,earlygastrula,typical,NA,6L14,1-White,E,low,14
6L4,1,egg,typical,NA,6L4,1-White,E,low,4
6L4,2,egg,typical,NA,6L4,1-White,E,low,4
6L4,3,egg,typical,NA,6L4,1-White,E,low,4
6L4,4,egg,typical,NA,6L4,1-White,E,low,4
6L4,5,egg,typical,NA,6L4,1-White,E,low,4
6L4,6,egg,typical,NA,6L4,1-White,E,low,4
6L4,7,egg,typical,NA,6L4,1-White,E,low,4
6L4,8,egg,typical,NA,6L4,1-White,E,low,4
6L4,9,egg,typical,NA,6L4,1-White,E,low,4
6L4,10,egg,typical,NA,6L4,1-White,E,low,4
6L4,11,egg,typical,NA,6L4,1-White,E,low,4
6L4,12,egg,typical,NA,6L4,1-White,E,low,4
6L4,13,egg,typical,NA,6L4,1-White,E,low,4
6L4,14,egg,typical,NA,6L4,1-White,E,low,4
6L4,15,egg,typical,NA,6L4,1-White,E,low,4
6L4,16,egg,typical,NA,6L4,1-White,E,low,4
6L4,17,egg,typical,NA,6L4,1-White,E,low,4
6L4,18,egg,typical,NA,6L4,1-White,E,low,4
6L4,19,egg,typical,NA,6L4,1-White,E,low,4
6L4,20,egg,typical,NA,6L4,1-White,E,low,4
6L4,21,egg,typical,NA,6L4,1-White,E,low,4
6L4,22,egg,typical,NA,6L4,1-White,E,low,4
6L4,23,egg,typical,NA,6L4,1-White,E,low,4
6L4,24,egg,typical,NA,6L4,1-White,E,low,4
6L4,25,egg,typical,NA,6L4,1-White,E,low,4
6L4,26,egg,typical,NA,6L4,1-White,E,low,4
6L4,27,egg,typical,NA,6L4,1-White,E,low,4
6L4,28,egg,typical,NA,6L4,1-White,E,low,4
6L4,29,egg,typical,NA,6L4,1-White,E,low,4
6L4,30,egg,typical,NA,6L4,1-White,E,low,4
6L4,31,egg,typical,NA,6L4,1-White,E,low,4
6L4,32,egg,typical,NA,6L4,1-White,E,low,4
6L4,33,egg,uncertain,NA,6L4,1-White,E,low,4
6L4,34,egg,typical,NA,6L4,1-White,E,low,4
6L9,1,prawnchip,typical,NA,6L9,1-White,E,low,9
6L9,2,prawnchip,typical,NA,6L9,1-White,E,low,9
6L9,3,prawnchip,typical,NA,6L9,1-White,E,low,9
6L9,4,prawnchip,typical,NA,6L9,1-White,E,low,9
6L9,5,prawnchip,typical,NA,6L9,1-White,E,low,9
6L9,6,prawnchip,typical,NA,6L9,1-White,E,low,9
6L9,7,prawnchip,typical,NA,6L9,1-White,E,low,9
6L9,8,prawnchip,typical,NA,6L9,1-White,E,low,9
6L9,9,prawnchip,typical,NA,6L9,1-White,E,low,9
6L9,10,prawnchip,typical,NA,6L9,1-White,E,low,9
6L9,11,prawnchip,typical,NA,6L9,1-White,E,low,9
6L9,12,prawnchip,typical,NA,6L9,1-White,E,low,9
6L9,13,prawnchip,typical,NA,6L9,1-White,E,low,9
6L9,14,prawnchip,typical,NA,6L9,1-White,E,low,9
6L9,15,prawnchip,typical,NA,6L9,1-White,E,low,9
6L9,16,prawnchip,typical,NA,6L9,1-White,E,low,9
6L9,17,32to64cell,typical,NA,6L9,1-White,E,low,9
6L9,18,32to64cell,typical,NA,6L9,1-White,E,low,9
6L9,19,prawnchip,typical,NA,6L9,1-White,E,low,9
6L9,20,prawnchip,typical,NA,6L9,1-White,E,low,9
6M14,1,earlygastrula,typical,NA,6M14,1-White,E,mid,14
6M14,2,earlygastrula,typical,NA,6M14,1-White,E,mid,14
6M14,3,earlygastrula,malformed,disintegrating,6M14,1-White,E,mid,14
6M14,4,earlygastrula,typical,NA,6M14,1-White,E,mid,14
6M14,5,earlygastrula,typical,NA,6M14,1-White,E,mid,14
6M14,6,earlygastrula,typical,NA,6M14,1-White,E,mid,14
6M14,7,earlygastrula,malformed,disintegrating,6M14,1-White,E,mid,14
6M14,8,earlygastrula,typical,NA,6M14,1-White,E,mid,14
6M14,9,earlygastrula,typical,NA,6M14,1-White,E,mid,14
6M4,1,egg,typical,NA,6M4,1-White,E,mid,4
6M4,2,egg,typical,NA,6M4,1-White,E,mid,4
6M4,3,egg,typical,NA,6M4,1-White,E,mid,4
6M4,4,egg,typical,NA,6M4,1-White,E,mid,4
6M4,5,egg,typical,NA,6M4,1-White,E,mid,4
6M4,6,egg,typical,NA,6M4,1-White,E,mid,4
6M4,7,egg,uncertain,disintegrating,6M4,1-White,E,mid,4
6M4,8,egg,typical,NA,6M4,1-White,E,mid,4
6M4,9,egg,typical,NA,6M4,1-White,E,mid,4
6M4,10,egg,typical,NA,6M4,1-White,E,mid,4
6M4,11,egg,typical,NA,6M4,1-White,E,mid,4
6M4,12,egg,typical,NA,6M4,1-White,E,mid,4
6M4,13,egg,typical,NA,6M4,1-White,E,mid,4
6M4,14,egg,typical,NA,6M4,1-White,E,mid,4
6M4,15,egg,typical,NA,6M4,1-White,E,mid,4
6M4,16,egg,typical,NA,6M4,1-White,E,mid,4
6M4,17,egg,uncertain,disintegrating,6M4,1-White,E,mid,4
6M9,1,prawnchip,typical,NA,6M9,1-White,E,mid,9
6M9,2,prawnchip,typical,NA,6M9,1-White,E,mid,9
6M9,3,prawnchip,typical,NA,6M9,1-White,E,mid,9
6M9,4,prawnchip,typical,NA,6M9,1-White,E,mid,9
6M9,5,prawnchip,typical,NA,6M9,1-White,E,mid,9
6M9,6,prawnchip,typical,NA,6M9,1-White,E,mid,9
6M9,7,prawnchip,typical,NA,6M9,1-White,E,mid,9
6M9,8,prawnchip,typical,NA,6M9,1-White,E,mid,9
6M9,9,prawnchip,typical,NA,6M9,1-White,E,mid,9
6M9,10,prawnchip,typical,NA,6M9,1-White,E,mid,9
6M9,11,prawnchip,uncertain,torn,6M9,1-White,E,mid,9
6M9,12,egg,uncertain,disintegrating,6M9,1-White,E,mid,9
6M9,13,egg,typical,NA,6M9,1-White,E,mid,9
6M9,14,prawnchip,typical,NA,6M9,1-White,E,mid,9
6M9,15,prawnchip,typical,NA,6M9,1-White,E,mid,9
6M9,16,egg,typical,NA,6M9,1-White,E,mid,9
6M9,17,prawnchip,typical,NA,6M9,1-White,E,mid,9
6M9,18,prawnchip,uncertain,torn,6M9,1-White,E,mid,9
6M9,19,prawnchip,typical,NA,6M9,1-White,E,mid,9
6M9,20,prawnchip,typical,NA,6M9,1-White,E,mid,9
6M9,21,prawnchip,uncertain,torn,6M9,1-White,E,mid,9
6M9,22,egg,uncertain,disintegrating,6M9,1-White,E,mid,9
6M9,23,prawnchip,typical,NA,6M9,1-White,E,mid,9
6M9,24,32to64cell,typical,NA,6M9,1-White,E,mid,9
6M9,25,32to64cell,typical,NA,6M9,1-White,E,mid,9
6M9,26,egg,typical,NA,6M9,1-White,E,mid,9
6M9,27,egg,uncertain,disintegrating,6M9,1-White,E,mid,9
6M9,28,prawnchip,typical,NA,6M9,1-White,E,mid,9
7C14,1,earlygastrula,typical,NA,7C14,H,M,control,14
7C14,2,earlygastrula,malformed,NA,7C14,H,M,control,14
7C14,3,earlygastrula,typical,NA,7C14,H,M,control,14
7C14,4,earlygastrula,malformed,NA,7C14,H,M,control,14
7C14,5,earlygastrula,typical,NA,7C14,H,M,control,14
7C14,6,earlygastrula,typical,NA,7C14,H,M,control,14
7C14,7,32to64cell,uncertain,torn,7C14,H,M,control,14
7C4,1,egg,typical,NA,7C4,H,M,control,4
7C4,2,egg,typical,NA,7C4,H,M,control,4
7C4,3,egg,typical,NA,7C4,H,M,control,4
7C4,4,egg,typical,NA,7C4,H,M,control,4
7C4,5,egg,typical,NA,7C4,H,M,control,4
7C4,6,egg,typical,NA,7C4,H,M,control,4
7C4,7,egg,typical,NA,7C4,H,M,control,4
7C4,8,egg,typical,NA,7C4,H,M,control,4
7C4,9,egg,typical,NA,7C4,H,M,control,4
7C4,10,egg,typical,NA,7C4,H,M,control,4
7C4,11,egg,typical,NA,7C4,H,M,control,4
7C4,12,egg,typical,NA,7C4,H,M,control,4
7C4,13,egg,typical,NA,7C4,H,M,control,4
7C4,14,egg,typical,NA,7C4,H,M,control,4
7C4,15,egg,typical,NA,7C4,H,M,control,4
7C4,16,egg,typical,NA,7C4,H,M,control,4
7C4,17,egg,typical,NA,7C4,H,M,control,4
7C4,18,egg,typical,NA,7C4,H,M,control,4
7C4,19,egg,typical,NA,7C4,H,M,control,4
7C4,20,egg,typical,NA,7C4,H,M,control,4
7C4,21,egg,typical,NA,7C4,H,M,control,4
7C4,22,egg,typical,NA,7C4,H,M,control,4
7C4,23,egg,typical,NA,7C4,H,M,control,4
7C4,24,egg,typical,NA,7C4,H,M,control,4
7C4,25,egg,typical,NA,7C4,H,M,control,4
7C9,1,prawnchip,uncertain,disintegrating,7C9,H,M,control,9
7C9,2,32to64cell,typical,NA,7C9,H,M,control,9
7C9,3,egg,uncertain,disintegrating,7C9,H,M,control,9
7C9,4,32to64cell,typical,NA,7C9,H,M,control,9
7C9,5,4to16cell,typical,NA,7C9,H,M,control,9
7C9,6,egg,uncertain,disintegrating,7C9,H,M,control,9
7C9,7,egg,uncertain,disintegrating,7C9,H,M,control,9
7C9,8,4to16cell,typical,NA,7C9,H,M,control,9
7C9,9,4to16cell,typical,NA,7C9,H,M,control,9
7C9,10,prawnchip,typical,NA,7C9,H,M,control,9
7C9,11,egg,uncertain,disintegrating,7C9,H,M,control,9
7C9,12,4to16cell,typical,NA,7C9,H,M,control,9
7C9,13,egg,uncertain,disintegrating,7C9,H,M,control,9
7H14,1,earlygastrula,typical,NA,7H14,H,M,high,14
7H14,2,earlygastrula,typical,NA,7H14,H,M,high,14
7H14,3,earlygastrula,typical,NA,7H14,H,M,high,14
7H14,4,earlygastrula,typical,NA,7H14,H,M,high,14
7H14,5,earlygastrula,typical,NA,7H14,H,M,high,14
7H14,6,earlygastrula,uncertain,NA,7H14,H,M,high,14
7H14,7,earlygastrula,typical,NA,7H14,H,M,high,14
7H14,8,earlygastrula,typical,NA,7H14,H,M,high,14
7H14,9,earlygastrula,typical,NA,7H14,H,M,high,14
7H14,10,earlygastrula,typical,NA,7H14,H,M,high,14
7H4,1,egg,typical,NA,7H4,H,M,high,4
7H4,2,egg,typical,NA,7H4,H,M,high,4
7H4,3,egg,typical,NA,7H4,H,M,high,4
7H4,4,egg,typical,NA,7H4,H,M,high,4
7H4,5,egg,typical,NA,7H4,H,M,high,4
7H4,6,egg,typical,NA,7H4,H,M,high,4
7H4,7,egg,typical,NA,7H4,H,M,high,4
7H4,8,egg,typical,NA,7H4,H,M,high,4
7H4,9,egg,typical,NA,7H4,H,M,high,4
7H4,10,egg,typical,NA,7H4,H,M,high,4
7H4,11,egg,typical,NA,7H4,H,M,high,4
7H4,12,egg,typical,NA,7H4,H,M,high,4
7H4,13,egg,typical,NA,7H4,H,M,high,4
7H4,14,egg,typical,NA,7H4,H,M,high,4
7H4,15,egg,typical,NA,7H4,H,M,high,4
7H4,16,egg,typical,NA,7H4,H,M,high,4
7H4,17,egg,typical,NA,7H4,H,M,high,4
7H4,18,egg,typical,NA,7H4,H,M,high,4
7H4,19,egg,typical,NA,7H4,H,M,high,4
7H4,20,egg,typical,NA,7H4,H,M,high,4
7H4,21,egg,typical,NA,7H4,H,M,high,4
7H4,22,egg,typical,NA,7H4,H,M,high,4
7H4,23,egg,typical,NA,7H4,H,M,high,4
7H4,24,egg,typical,NA,7H4,H,M,high,4
7H4,25,egg,typical,NA,7H4,H,M,high,4
7H4,26,egg,typical,NA,7H4,H,M,high,4
7H4,27,egg,typical,NA,7H4,H,M,high,4
7H4,28,egg,typical,NA,7H4,H,M,high,4
7H4,29,egg,typical,NA,7H4,H,M,high,4
7H4,30,egg,typical,NA,7H4,H,M,high,4
7H4,31,egg,typical,NA,7H4,H,M,high,4
7H9,1,NA,uncertain,disintegrating,7H9,H,M,high,9
7H9,2,egg,uncertain,disintegrating,7H9,H,M,high,9
7H9,3,NA,uncertain,disintegrating,7H9,H,M,high,9
7H9,4,NA,uncertain,disintegrating,7H9,H,M,high,9
7H9,5,NA,uncertain,disintegrating,7H9,H,M,high,9
7H9,6,NA,uncertain,disintegrating,7H9,H,M,high,9
7H9,7,egg,uncertain,disintegrating,7H9,H,M,high,9
7L14,1,earlygastrula,uncertain,torn,7L14,H,M,low,14
7L14,2,earlygastrula,typical,NA,7L14,H,M,low,14
7L14,3,earlygastrula,typical,NA,7L14,H,M,low,14
7L14,4,earlygastrula,uncertain,torn,7L14,H,M,low,14
7L14,5,earlygastrula,typical,NA,7L14,H,M,low,14
7L14,6,earlygastrula,typical,NA,7L14,H,M,low,14
7L14,7,earlygastrula,typical,NA,7L14,H,M,low,14
7L14,8,earlygastrula,typical,NA,7L14,H,M,low,14
7L14,9,earlygastrula,uncertain,torn,7L14,H,M,low,14
7L14,10,earlygastrula,typical,NA,7L14,H,M,low,14
7L14,11,earlygastrula,typical,NA,7L14,H,M,low,14
7L14,12,earlygastrula,uncertain,torn,7L14,H,M,low,14
7L14,13,earlygastrula,typical,NA,7L14,H,M,low,14
7L14,14,earlygastrula,typical,NA,7L14,H,M,low,14
7L14,15,earlygastrula,typical,NA,7L14,H,M,low,14
7L4,1,egg,typical,NA,7L4,H,M,low,4
7L4,2,egg,typical,NA,7L4,H,M,low,4
7L4,3,egg,typical,NA,7L4,H,M,low,4
7L4,4,egg,typical,NA,7L4,H,M,low,4
7L4,5,egg,typical,NA,7L4,H,M,low,4
7L4,6,egg,typical,NA,7L4,H,M,low,4
7L4,7,egg,typical,NA,7L4,H,M,low,4
7L4,8,egg,typical,NA,7L4,H,M,low,4
7L4,9,egg,typical,NA,7L4,H,M,low,4
7L4,10,egg,typical,NA,7L4,H,M,low,4
7L4,11,egg,typical,NA,7L4,H,M,low,4
7L4,12,egg,typical,NA,7L4,H,M,low,4
7L4,13,egg,typical,NA,7L4,H,M,low,4
7L4,14,egg,typical,NA,7L4,H,M,low,4
7L4,15,egg,typical,NA,7L4,H,M,low,4
7L4,16,egg,typical,NA,7L4,H,M,low,4
7L4,17,egg,typical,NA,7L4,H,M,low,4
7L4,18,egg,typical,NA,7L4,H,M,low,4
7L4,19,egg,typical,NA,7L4,H,M,low,4
7L4,20,egg,typical,NA,7L4,H,M,low,4
7L4,21,egg,typical,NA,7L4,H,M,low,4
7L4,22,egg,typical,NA,7L4,H,M,low,4
7L4,23,egg,typical,NA,7L4,H,M,low,4
7L4,24,egg,typical,NA,7L4,H,M,low,4
7L4,25,egg,typical,NA,7L4,H,M,low,4
7L4,26,egg,typical,NA,7L4,H,M,low,4
7L9,1,32to64cell,typical,NA,7L9,H,M,low,9
7L9,2,prawnchip,uncertain,torn,7L9,H,M,low,9
7L9,3,prawnchip,typical,NA,7L9,H,M,low,9
7L9,4,prawnchip,typical,NA,7L9,H,M,low,9
7L9,5,prawnchip,typical,NA,7L9,H,M,low,9
7M14,1,earlygastrula,typical,NA,7M14,H,M,mid,14
7M14,2,earlygastrula,typical,NA,7M14,H,M,mid,14
7M14,3,earlygastrula,malformed,torn,7M14,H,M,mid,14
7M14,4,earlygastrula,typical,NA,7M14,H,M,mid,14
7M14,5,earlygastrula,typical,NA,7M14,H,M,mid,14
7M14,6,earlygastrula,typical,NA,7M14,H,M,mid,14
7M14,7,earlygastrula,uncertain,NA,7M14,H,M,mid,14
7M14,8,earlygastrula,typical,NA,7M14,H,M,mid,14
7M14,9,earlygastrula,typical,NA,7M14,H,M,mid,14
7M14,10,earlygastrula,typical,NA,7M14,H,M,mid,14
7M14,11,earlygastrula,uncertain,torn,7M14,H,M,mid,14
7M14,12,earlygastrula,typical,NA,7M14,H,M,mid,14
7M4,1,egg,typical,NA,7M4,H,M,mid,4
7M4,2,egg,typical,NA,7M4,H,M,mid,4
7M4,3,egg,typical,NA,7M4,H,M,mid,4
7M4,4,egg,typical,NA,7M4,H,M,mid,4
7M4,5,egg,typical,NA,7M4,H,M,mid,4
7M4,6,egg,typical,NA,7M4,H,M,mid,4
7M4,7,egg,typical,NA,7M4,H,M,mid,4
7M4,8,egg,typical,NA,7M4,H,M,mid,4
7M4,9,egg,typical,NA,7M4,H,M,mid,4
7M4,10,egg,typical,NA,7M4,H,M,mid,4
7M4,11,egg,typical,NA,7M4,H,M,mid,4
7M4,12,egg,typical,NA,7M4,H,M,mid,4
7M4,13,egg,typical,NA,7M4,H,M,mid,4
7M4,14,egg,typical,NA,7M4,H,M,mid,4
7M4,15,egg,typical,NA,7M4,H,M,mid,4
7M4,16,egg,typical,NA,7M4,H,M,mid,4
7M4,17,egg,typical,NA,7M4,H,M,mid,4
7M4,18,egg,typical,NA,7M4,H,M,mid,4
7M4,19,egg,typical,NA,7M4,H,M,mid,4
7M4,20,egg,typical,NA,7M4,H,M,mid,4
7M4,21,egg,typical,NA,7M4,H,M,mid,4
7M4,22,egg,typical,NA,7M4,H,M,mid,4
7M4,23,egg,typical,NA,7M4,H,M,mid,4
7M4,24,egg,typical,NA,7M4,H,M,mid,4
7M4,25,egg,typical,NA,7M4,H,M,mid,4
7M4,26,egg,typical,NA,7M4,H,M,mid,4
7M4,27,egg,typical,NA,7M4,H,M,mid,4
7M4,28,egg,typical,NA,7M4,H,M,mid,4
7M4,29,egg,typical,NA,7M4,H,M,mid,4
7M9,1,prawnchip,typical,NA,7M9,H,M,mid,9
7M9,2,prawnchip,typical,NA,7M9,H,M,mid,9
7M9,3,prawnchip,typical,NA,7M9,H,M,mid,9
7M9,4,prawnchip,typical,NA,7M9,H,M,mid,9
7M9,5,prawnchip,typical,NA,7M9,H,M,mid,9
7M9,6,prawnchip,typical,NA,7M9,H,M,mid,9
7M9,7,prawnchip,uncertain,NA,7M9,H,M,mid,9
7M9,8,prawnchip,typical,NA,7M9,H,M,mid,9
7M9,9,prawnchip,malformed,disintegrating,7M9,H,M,mid,9
7M9,10,prawnchip,typical,NA,7M9,H,M,mid,9
7M9,11,32to64cell,typical,NA,7M9,H,M,mid,9
7M9,12,prawnchip,typical,NA,7M9,H,M,mid,9
8C14,1,earlygastrula,typical,NA,8C14,J,G,control,14
8C14,2,earlygastrula,typical,NA,8C14,J,G,control,14
8C14,3,earlygastrula,typical,NA,8C14,J,G,control,14
8C14,4,earlygastrula,typical,NA,8C14,J,G,control,14
8C14,5,earlygastrula,typical,NA,8C14,J,G,control,14
8C14,6,earlygastrula,typical,NA,8C14,J,G,control,14
8C4,1,cleavage,typical,incomplete,8C4,J,G,control,4
8C4,2,cleavage,typical,NA,8C4,J,G,control,4
8C4,3,egg,typical,NA,8C4,J,G,control,4
8C4,4,cleavage,typical,NA,8C4,J,G,control,4
8C4,5,4to16cell,typical,NA,8C4,J,G,control,4
8C4,6,4to16cell,typical,NA,8C4,J,G,control,4
8C4,7,egg,typical,NA,8C4,J,G,control,4
8C4,8,4to16cell,typical,NA,8C4,J,G,control,4
8C4,9,cleavage,typical,NA,8C4,J,G,control,4
8C4,10,4to16cell,typical,NA,8C4,J,G,control,4
8C4,11,4to16cell,typical,NA,8C4,J,G,control,4
8C4,12,egg,typical,NA,8C4,J,G,control,4
8C4,13,egg,typical,NA,8C4,J,G,control,4
8C4,14,cleavage,typical,NA,8C4,J,G,control,4
8C4,15,cleavage,typical,NA,8C4,J,G,control,4
8C4,16,4to16cell,typical,NA,8C4,J,G,control,4
8C4,17,4to16cell,typical,NA,8C4,J,G,control,4
8C4,18,egg,typical,NA,8C4,J,G,control,4
8C4,19,egg,typical,NA,8C4,J,G,control,4
8C4,20,cleavage,typical,NA,8C4,J,G,control,4
8C4,21,egg,typical,NA,8C4,J,G,control,4
8C4,22,4to16cell,typical,NA,8C4,J,G,control,4
8C4,23,egg,typical,NA,8C4,J,G,control,4
8C4,24,egg,typical,NA,8C4,J,G,control,4
8C4,25,egg,typical,NA,8C4,J,G,control,4
8C4,26,cleavage,typical,NA,8C4,J,G,control,4
8C4,27,cleavage,typical,NA,8C4,J,G,control,4
8C9,1,prawnchip,typical,NA,8C9,J,G,control,9
8C9,2,prawnchip,typical,NA,8C9,J,G,control,9
8C9,3,prawnchip,typical,NA,8C9,J,G,control,9
8C9,4,prawnchip,typical,NA,8C9,J,G,control,9
8C9,5,prawnchip,typical,NA,8C9,J,G,control,9
8C9,6,prawnchip,typical,NA,8C9,J,G,control,9
8C9,7,prawnchip,typical,NA,8C9,J,G,control,9
8C9,8,prawnchip,typical,NA,8C9,J,G,control,9
8C9,9,prawnchip,typical,NA,8C9,J,G,control,9
8C9,10,prawnchip,uncertain,torn,8C9,J,G,control,9
8C9,11,prawnchip,typical,NA,8C9,J,G,control,9
8C9,12,prawnchip,typical,NA,8C9,J,G,control,9
8C9,13,prawnchip,typical,NA,8C9,J,G,control,9
8C9,14,prawnchip,typical,NA,8C9,J,G,control,9
8C9,15,prawnchip,typical,NA,8C9,J,G,control,9
8C9,16,prawnchip,typical,NA,8C9,J,G,control,9
8C9,17,prawnchip,typical,NA,8C9,J,G,control,9
8C9,18,prawnchip,typical,NA,8C9,J,G,control,9
8C9,19,prawnchip,uncertain,torn,8C9,J,G,control,9
8C9,20,prawnchip,typical,NA,8C9,J,G,control,9
8C9,21,prawnchip,typical,NA,8C9,J,G,control,9
8C9,22,prawnchip,uncertain,NA,8C9,J,G,control,9
8C9,23,prawnchip,typical,NA,8C9,J,G,control,9
8C9,24,prawnchip,uncertain,torn,8C9,J,G,control,9
8C9,25,prawnchip,typical,NA,8C9,J,G,control,9
8C9,26,prawnchip,typical,NA,8C9,J,G,control,9
8C9,27,prawnchip,typical,NA,8C9,J,G,control,9
8H14,1,earlygastrula,typical,NA,8H14,J,G,high,14
8H14,2,earlygastrula,typical,NA,8H14,J,G,high,14
8H14,3,earlygastrula,typical,NA,8H14,J,G,high,14
8H14,4,earlygastrula,typical,NA,8H14,J,G,high,14
8H14,5,earlygastrula,typical,NA,8H14,J,G,high,14
8H14,6,earlygastrula,typical,NA,8H14,J,G,high,14
8H14,7,earlygastrula,typical,NA,8H14,J,G,high,14
8H14,8,earlygastrula,typical,NA,8H14,J,G,high,14
8H14,9,earlygastrula,typical,NA,8H14,J,G,high,14
8H14,10,earlygastrula,typical,NA,8H14,J,G,high,14
8H14,11,earlygastrula,typical,NA,8H14,J,G,high,14
8H14,12,earlygastrula,typical,NA,8H14,J,G,high,14
8H14,13,earlygastrula,uncertain,disintegrating,8H14,J,G,high,14
8H14,14,earlygastrula,typical,NA,8H14,J,G,high,14
8H14,15,earlygastrula,typical,NA,8H14,J,G,high,14
8H4,1,4to16cell,typical,NA,8H4,J,G,high,4
8H4,2,4to16cell,uncertain,incomplete,8H4,J,G,high,4
8H4,3,4to16cell,typical,NA,8H4,J,G,high,4
8H4,4,egg,typical,NA,8H4,J,G,high,4
8H4,5,cleavage,typical,incomplete,8H4,J,G,high,4
8H4,6,egg,typical,NA,8H4,J,G,high,4
8H4,7,4to16cell,typical,NA,8H4,J,G,high,4
8H4,8,egg,typical,NA,8H4,J,G,high,4
8H4,9,cleavage,typical,incomplete,8H4,J,G,high,4
8H4,10,cleavage,typical,NA,8H4,J,G,high,4
8H4,11,cleavage,typical,NA,8H4,J,G,high,4
8H4,12,egg,typical,NA,8H4,J,G,high,4
8H4,13,cleavage,typical,NA,8H4,J,G,high,4
8H4,14,4to16cell,typical,NA,8H4,J,G,high,4
8H4,15,cleavage,typical,NA,8H4,J,G,high,4
8H4,16,cleavage,typical,NA,8H4,J,G,high,4
8H4,17,egg,typical,NA,8H4,J,G,high,4
8H4,18,cleavage,typical,NA,8H4,J,G,high,4
8H4,19,4to16cell,typical,NA,8H4,J,G,high,4
8H4,20,4to16cell,typical,NA,8H4,J,G,high,4
8H4,21,cleavage,typical,NA,8H4,J,G,high,4
8H4,22,4to16cell,malformed,NA,8H4,J,G,high,4
8H4,23,32to64cell,typical,NA,8H4,J,G,high,4
8H4,24,egg,typical,NA,8H4,J,G,high,4
8H4,25,cleavage,typical,NA,8H4,J,G,high,4
8H9,1,prawnchip,typical,NA,8H9,J,G,high,9
8H9,2,prawnchip,typical,NA,8H9,J,G,high,9
8H9,3,egg,uncertain,disintegrating,8H9,J,G,high,9
8H9,4,prawnchip,typical,NA,8H9,J,G,high,9
8H9,5,prawnchip,typical,NA,8H9,J,G,high,9
8H9,6,prawnchip,typical,NA,8H9,J,G,high,9
8H9,7,prawnchip,typical,NA,8H9,J,G,high,9
8H9,8,prawnchip,typical,NA,8H9,J,G,high,9
8H9,9,prawnchip,typical,NA,8H9,J,G,high,9
8H9,10,prawnchip,uncertain,torn,8H9,J,G,high,9
8H9,11,prawnchip,typical,NA,8H9,J,G,high,9
8H9,12,prawnchip,typical,NA,8H9,J,G,high,9
8H9,13,prawnchip,typical,NA,8H9,J,G,high,9
8H9,14,egg,typical,NA,8H9,J,G,high,9
8H9,15,prawnchip,typical,NA,8H9,J,G,high,9
8H9,16,prawnchip,uncertain,torn,8H9,J,G,high,9
8H9,17,prawnchip,typical,NA,8H9,J,G,high,9
8H9,18,prawnchip,typical,NA,8H9,J,G,high,9
8H9,19,prawnchip,typical,NA,8H9,J,G,high,9
8H9,20,prawnchip,typical,NA,8H9,J,G,high,9
8H9,21,prawnchip,typical,NA,8H9,J,G,high,9
8H9,22,prawnchip,typical,NA,8H9,J,G,high,9
8H9,23,prawnchip,uncertain,torn,8H9,J,G,high,9
8L14,1,earlygastrula,typical,NA,8L14,J,G,low,14
8L14,2,earlygastrula,typical,NA,8L14,J,G,low,14
8L14,3,earlygastrula,malformed,NA,8L14,J,G,low,14
8L14,4,earlygastrula,typical,NA,8L14,J,G,low,14
8L14,5,earlygastrula,typical,NA,8L14,J,G,low,14
8L14,6,earlygastrula,typical,NA,8L14,J,G,low,14
8L14,7,earlygastrula,typical,NA,8L14,J,G,low,14
8L14,8,earlygastrula,typical,NA,8L14,J,G,low,14
8L14,9,earlygastrula,malformed,NA,8L14,J,G,low,14
8L14,10,earlygastrula,typical,NA,8L14,J,G,low,14
8L14,11,earlygastrula,typical,NA,8L14,J,G,low,14
8L14,12,earlygastrula,typical,NA,8L14,J,G,low,14
8L14,13,earlygastrula,malformed,NA,8L14,J,G,low,14
8L14,14,earlygastrula,typical,NA,8L14,J,G,low,14
8L14,15,earlygastrula,typical,NA,8L14,J,G,low,14
8L14,16,earlygastrula,typical,NA,8L14,J,G,low,14
8L14,17,earlygastrula,typical,NA,8L14,J,G,low,14
8L14,18,earlygastrula,typical,NA,8L14,J,G,low,14
8L14,19,earlygastrula,malformed,NA,8L14,J,G,low,14
8L14,20,earlygastrula,typical,NA,8L14,J,G,low,14
8L14,21,earlygastrula,typical,NA,8L14,J,G,low,14
8L4,1,4to16cell,typical,NA,8L4,J,G,low,4
8L4,2,egg,typical,NA,8L4,J,G,low,4
8L4,3,4to16cell,typical,NA,8L4,J,G,low,4
8L4,4,4to16cell,typical,NA,8L4,J,G,low,4
8L4,5,egg,typical,NA,8L4,J,G,low,4
8L4,6,egg,typical,NA,8L4,J,G,low,4
8L4,7,cleavage,typical,NA,8L4,J,G,low,4
8L4,8,egg,typical,NA,8L4,J,G,low,4
8L4,9,cleavage,typical,NA,8L4,J,G,low,4
8L4,10,egg,typical,NA,8L4,J,G,low,4
8L4,11,egg,typical,NA,8L4,J,G,low,4
8L4,12,egg,typical,NA,8L4,J,G,low,4
8L4,13,egg,typical,NA,8L4,J,G,low,4
8L4,14,cleavage,typical,NA,8L4,J,G,low,4
8L4,15,cleavage,typical,NA,8L4,J,G,low,4
8L4,16,cleavage,typical,NA,8L4,J,G,low,4
8L4,17,cleavage,typical,NA,8L4,J,G,low,4
8L4,18,egg,typical,NA,8L4,J,G,low,4
8L4,19,cleavage,typical,NA,8L4,J,G,low,4
8L4,20,4to16cell,typical,NA,8L4,J,G,low,4
8L4,21,cleavage,typical,NA,8L4,J,G,low,4
8L4,22,egg,typical,NA,8L4,J,G,low,4
8L4,23,cleavage,typical,NA,8L4,J,G,low,4
8L4,24,cleavage,typical,NA,8L4,J,G,low,4
8L4,25,cleavage,typical,NA,8L4,J,G,low,4
8L4,26,cleavage,typical,NA,8L4,J,G,low,4
8L4,27,cleavage,typical,NA,8L4,J,G,low,4
8L4,28,cleavage,typical,NA,8L4,J,G,low,4
8L4,29,cleavage,typical,NA,8L4,J,G,low,4
8L4,30,4to16cell,typical,NA,8L4,J,G,low,4
8L9,1,prawnchip,uncertain,torn,8L9,J,G,low,9
8L9,2,prawnchip,uncertain,torn,8L9,J,G,low,9
8L9,3,prawnchip,typical,NA,8L9,J,G,low,9
8L9,4,prawnchip,typical,NA,8L9,J,G,low,9
8L9,5,prawnchip,typical,NA,8L9,J,G,low,9
8L9,6,prawnchip,typical,NA,8L9,J,G,low,9
8L9,7,32to64cell,typical,NA,8L9,J,G,low,9
8L9,8,prawnchip,typical,NA,8L9,J,G,low,9
8L9,9,prawnchip,typical,NA,8L9,J,G,low,9
8L9,10,prawnchip,typical,NA,8L9,J,G,low,9
8L9,11,prawnchip,typical,NA,8L9,J,G,low,9
8L9,12,prawnchip,uncertain,torn,8L9,J,G,low,9
8L9,13,prawnchip,uncertain,torn,8L9,J,G,low,9
8L9,14,prawnchip,typical,NA,8L9,J,G,low,9
8L9,15,prawnchip,typical,NA,8L9,J,G,low,9
8L9,16,prawnchip,malformed,torn,8L9,J,G,low,9
8L9,17,prawnchip,typical,NA,8L9,J,G,low,9
8L9,18,prawnchip,typical,NA,8L9,J,G,low,9
8L9,19,prawnchip,malformed,NA,8L9,J,G,low,9
8L9,20,prawnchip,typical,NA,8L9,J,G,low,9
8L9,21,prawnchip,typical,NA,8L9,J,G,low,9
8L9,22,prawnchip,typical,NA,8L9,J,G,low,9
8L9,23,prawnchip,typical,NA,8L9,J,G,low,9
8L9,24,prawnchip,typical,NA,8L9,J,G,low,9
8L9,25,prawnchip,typical,NA,8L9,J,G,low,9
8L9,26,prawnchip,typical,NA,8L9,J,G,low,9
8M14,1,earlygastrula,typical,NA,8M14,J,G,mid,14
8M14,2,earlygastrula,typical,NA,8M14,J,G,mid,14
8M14,3,earlygastrula,typical,NA,8M14,J,G,mid,14
8M14,4,earlygastrula,typical,NA,8M14,J,G,mid,14
8M14,5,earlygastrula,typical,NA,8M14,J,G,mid,14
8M14,6,earlygastrula,malformed,torn,8M14,J,G,mid,14
8M14,7,earlygastrula,typical,NA,8M14,J,G,mid,14
8M14,8,earlygastrula,typical,NA,8M14,J,G,mid,14
8M14,9,earlygastrula,typical,NA,8M14,J,G,mid,14
8M14,10,earlygastrula,typical,NA,8M14,J,G,mid,14
8M14,11,earlygastrula,typical,NA,8M14,J,G,mid,14
8M14,12,earlygastrula,typical,NA,8M14,J,G,mid,14
8M14,13,earlygastrula,malformed,disintegrating,8M14,J,G,mid,14
8M14,14,earlygastrula,typical,NA,8M14,J,G,mid,14
8M14,15,earlygastrula,typical,NA,8M14,J,G,mid,14
8M14,16,earlygastrula,typical,NA,8M14,J,G,mid,14
8M14,17,earlygastrula,malformed,torn,8M14,J,G,mid,14
8M14,18,earlygastrula,typical,NA,8M14,J,G,mid,14
8M14,19,earlygastrula,typical,NA,8M14,J,G,mid,14
8M14,20,earlygastrula,typical,NA,8M14,J,G,mid,14
8M14,21,earlygastrula,typical,NA,8M14,J,G,mid,14
8M14,22,earlygastrula,typical,NA,8M14,J,G,mid,14
8M14,23,earlygastrula,typical,NA,8M14,J,G,mid,14
8M14,24,earlygastrula,typical,NA,8M14,J,G,mid,14
8M14,25,earlygastrula,typical,NA,8M14,J,G,mid,14
8M14,26,earlygastrula,malformed,disintegrating,8M14,J,G,mid,14
8M4,1,4to16cell,typical,NA,8M4,J,G,mid,4
8M4,2,egg,typical,NA,8M4,J,G,mid,4
8M4,3,4to16cell,typical,NA,8M4,J,G,mid,4
8M4,4,4to16cell,malformed,separation,8M4,J,G,mid,4
8M4,5,4to16cell,typical,NA,8M4,J,G,mid,4
8M4,6,4to16cell,typical,NA,8M4,J,G,mid,4
8M4,7,cleavage,typical,NA,8M4,J,G,mid,4
8M4,8,4to16cell,typical,NA,8M4,J,G,mid,4
8M4,9,cleavage,malformed,separation,8M4,J,G,mid,4
8M4,10,cleavage,typical,NA,8M4,J,G,mid,4
8M4,11,4to16cell,typical,NA,8M4,J,G,mid,4
8M4,12,cleavage,typical,NA,8M4,J,G,mid,4
8M4,13,4to16cell,typical,NA,8M4,J,G,mid,4
8M4,14,cleavage,malformed,separation,8M4,J,G,mid,4
8M4,15,4to16cell,malformed,separation,8M4,J,G,mid,4
8M4,16,4to16cell,typical,NA,8M4,J,G,mid,4
8M4,17,cleavage,malformed,separation,8M4,J,G,mid,4
8M4,18,cleavage,typical,NA,8M4,J,G,mid,4
8M4,19,egg,typical,NA,8M4,J,G,mid,4
8M4,20,cleavage,typical,NA,8M4,J,G,mid,4
8M4,21,cleavage,malformed,NA,8M4,J,G,mid,4
8M9,1,prawnchip,typical,NA,8M9,J,G,mid,9
8M9,2,prawnchip,typical,NA,8M9,J,G,mid,9
8M9,3,prawnchip,typical,NA,8M9,J,G,mid,9
8M9,4,prawnchip,typical,NA,8M9,J,G,mid,9
8M9,5,prawnchip,typical,NA,8M9,J,G,mid,9
8M9,6,prawnchip,typical,NA,8M9,J,G,mid,9
8M9,7,prawnchip,malformed,torn,8M9,J,G,mid,9
8M9,8,prawnchip,typical,NA,8M9,J,G,mid,9
8M9,9,prawnchip,typical,NA,8M9,J,G,mid,9
8M9,10,prawnchip,typical,NA,8M9,J,G,mid,9
8M9,11,prawnchip,uncertain,torn,8M9,J,G,mid,9
8M9,12,prawnchip,typical,NA,8M9,J,G,mid,9
8M9,13,prawnchip,typical,NA,8M9,J,G,mid,9
8M9,14,prawnchip,typical,NA,8M9,J,G,mid,9
8M9,15,prawnchip,malformed,torn,8M9,J,G,mid,9
8M9,16,prawnchip,typical,NA,8M9,J,G,mid,9
8M9,17,prawnchip,typical,NA,8M9,J,G,mid,9
8M9,18,prawnchip,typical,NA,8M9,J,G,mid,9
8M9,19,prawnchip,typical,NA,8M9,J,G,mid,9
8M9,20,prawnchip,malformed,torn,8M9,J,G,mid,9
8M9,21,prawnchip,typical,NA,8M9,J,G,mid,9
8M9,22,prawnchip,typical,NA,8M9,J,G,mid,9
8M9,23,prawnchip,uncertain,torn,8M9,J,G,mid,9
8M9,24,prawnchip,typical,NA,8M9,J,G,mid,9
8M9,25,prawnchip,typical,NA,8M9,J,G,mid,9
8M9,26,prawnchip,uncertain,torn,8M9,J,G,mid,9
9C14,1,earlygastrula,malformed,disintegrating,9C14,B,J,control,14
9C14,2,earlygastrula,typical,NA,9C14,B,J,control,14
9C14,3,earlygastrula,typical,NA,9C14,B,J,control,14
9C14,4,earlygastrula,typical,NA,9C14,B,J,control,14
9C14,5,earlygastrula,typical,NA,9C14,B,J,control,14
9C14,6,earlygastrula,typical,NA,9C14,B,J,control,14
9C14,7,earlygastrula,typical,NA,9C14,B,J,control,14
9C14,8,earlygastrula,typical,NA,9C14,B,J,control,14
9C14,9,earlygastrula,typical,NA,9C14,B,J,control,14
9C14,10,earlygastrula,typical,NA,9C14,B,J,control,14
9C14,11,earlygastrula,typical,NA,9C14,B,J,control,14
9C14,12,earlygastrula,typical,NA,9C14,B,J,control,14
9C14,13,earlygastrula,typical,NA,9C14,B,J,control,14
9C14,14,earlygastrula,typical,NA,9C14,B,J,control,14
9C14,15,earlygastrula,typical,NA,9C14,B,J,control,14
9C14,16,earlygastrula,typical,NA,9C14,B,J,control,14
9C14,17,earlygastrula,typical,NA,9C14,B,J,control,14
9C14,18,earlygastrula,typical,NA,9C14,B,J,control,14
9C14,19,earlygastrula,malformed,torn,9C14,B,J,control,14
9C4,1,egg,typical,NA,9C4,B,J,control,4
9C4,2,egg,typical,NA,9C4,B,J,control,4
9C4,3,cleavage,typical,NA,9C4,B,J,control,4
9C4,4,egg,typical,NA,9C4,B,J,control,4
9C4,5,cleavage,typical,NA,9C4,B,J,control,4
9C4,6,egg,typical,NA,9C4,B,J,control,4
9C4,7,egg,typical,NA,9C4,B,J,control,4
9C4,8,4to16cell,typical,NA,9C4,B,J,control,4
9C4,9,egg,typical,NA,9C4,B,J,control,4
9C4,10,cleavage,typical,incomplete,9C4,B,J,control,4
9C4,11,4to16cell,typical,NA,9C4,B,J,control,4
9C4,12,4to16cell,typical,NA,9C4,B,J,control,4
9C4,13,egg,typical,NA,9C4,B,J,control,4
9C4,14,egg,typical,NA,9C4,B,J,control,4
9C4,15,egg,typical,NA,9C4,B,J,control,4
9C4,16,egg,typical,NA,9C4,B,J,control,4
9C4,17,cleavage,typical,incomplete,9C4,B,J,control,4
9C4,18,egg,typical,NA,9C4,B,J,control,4
9C4,19,cleavage,typical,incomplete,9C4,B,J,control,4
9C4,20,cleavage,typical,NA,9C4,B,J,control,4
9C4,21,egg,uncertain,disintegrating,9C4,B,J,control,4
9C4,22,egg,uncertain,disintegrating,9C4,B,J,control,4
9C9,1,prawnchip,malformed,disintegrating,9C9,B,J,control,9
9C9,2,prawnchip,typical,NA,9C9,B,J,control,9
9C9,3,cleavage,typical,incomplete,9C9,B,J,control,9
9C9,4,32to64cell,typical,NA,9C9,B,J,control,9
9C9,5,prawnchip,malformed,torn,9C9,B,J,control,9
9C9,6,prawnchip,malformed,torn,9C9,B,J,control,9
9C9,7,prawnchip,typical,NA,9C9,B,J,control,9
9C9,8,prawnchip,typical,NA,9C9,B,J,control,9
9C9,9,prawnchip,typical,NA,9C9,B,J,control,9
9C9,10,prawnchip,typical,NA,9C9,B,J,control,9
9C9,11,prawnchip,typical,NA,9C9,B,J,control,9
9C9,12,prawnchip,typical,NA,9C9,B,J,control,9
9C9,13,prawnchip,typical,NA,9C9,B,J,control,9
9C9,14,prawnchip,typical,NA,9C9,B,J,control,9
9C9,15,prawnchip,typical,NA,9C9,B,J,control,9
9C9,16,prawnchip,typical,NA,9C9,B,J,control,9
9C9,17,prawnchip,typical,NA,9C9,B,J,control,9
9C9,18,prawnchip,malformed,torn,9C9,B,J,control,9
9C9,19,prawnchip,typical,NA,9C9,B,J,control,9
9H14,1,prawnchip,uncertain,disintegrating,9H14,B,J,high,14
9H14,2,earlygastrula,typical,NA,9H14,B,J,high,14
9H14,3,earlygastrula,typical,NA,9H14,B,J,high,14
9H14,4,earlygastrula,typical,NA,9H14,B,J,high,14
9H14,5,earlygastrula,typical,NA,9H14,B,J,high,14
9H14,6,earlygastrula,typical,NA,9H14,B,J,high,14
9H14,7,earlygastrula,typical,NA,9H14,B,J,high,14
9H14,8,earlygastrula,typical,NA,9H14,B,J,high,14
9H14,9,earlygastrula,typical,NA,9H14,B,J,high,14
9H14,10,earlygastrula,typical,NA,9H14,B,J,high,14
9H14,11,earlygastrula,typical,NA,9H14,B,J,high,14
9H14,12,earlygastrula,uncertain,torn,9H14,B,J,high,14
9H14,13,earlygastrula,typical,NA,9H14,B,J,high,14
9H14,14,earlygastrula,typical,NA,9H14,B,J,high,14
9H14,15,earlygastrula,typical,NA,9H14,B,J,high,14
9H4,1,egg,typical,NA,9H4,B,J,high,4
9H4,2,egg,typical,NA,9H4,B,J,high,4
9H4,3,egg,typical,NA,9H4,B,J,high,4
9H4,4,egg,typical,NA,9H4,B,J,high,4
9H4,5,egg,typical,NA,9H4,B,J,high,4
9H4,6,egg,typical,NA,9H4,B,J,high,4
9H4,7,egg,typical,NA,9H4,B,J,high,4
9H4,8,egg,typical,NA,9H4,B,J,high,4
9H4,9,egg,typical,NA,9H4,B,J,high,4
9H4,10,egg,typical,NA,9H4,B,J,high,4
9H4,11,egg,typical,NA,9H4,B,J,high,4
9H4,12,egg,typical,NA,9H4,B,J,high,4
9H4,13,egg,typical,NA,9H4,B,J,high,4
9H4,14,egg,typical,NA,9H4,B,J,high,4
9H4,15,egg,typical,NA,9H4,B,J,high,4
9H4,16,egg,typical,NA,9H4,B,J,high,4
9H4,17,cleavage,typical,NA,9H4,B,J,high,4
9H4,18,cleavage,typical,incomplete,9H4,B,J,high,4
9H4,19,egg,typical,NA,9H4,B,J,high,4
9H4,20,egg,typical,NA,9H4,B,J,high,4
9H4,21,egg,typical,NA,9H4,B,J,high,4
9H4,22,egg,typical,NA,9H4,B,J,high,4
9H4,23,egg,typical,NA,9H4,B,J,high,4
9H4,24,egg,typical,NA,9H4,B,J,high,4
9H4,25,egg,typical,NA,9H4,B,J,high,4
9H4,26,egg,typical,NA,9H4,B,J,high,4
9H9,1,prawnchip,uncertain,torn,9H9,B,J,high,9
9H9,2,prawnchip,typical,NA,9H9,B,J,high,9
9H9,3,prawnchip,typical,NA,9H9,B,J,high,9
9H9,4,prawnchip,typical,NA,9H9,B,J,high,9
9H9,5,prawnchip,typical,NA,9H9,B,J,high,9
9H9,6,prawnchip,typical,NA,9H9,B,J,high,9
9H9,7,prawnchip,typical,NA,9H9,B,J,high,9
9H9,8,prawnchip,typical,NA,9H9,B,J,high,9
9H9,9,prawnchip,typical,NA,9H9,B,J,high,9
9H9,10,prawnchip,typical,NA,9H9,B,J,high,9
9H9,11,prawnchip,typical,NA,9H9,B,J,high,9
9H9,12,prawnchip,typical,NA,9H9,B,J,high,9
9H9,13,prawnchip,typical,NA,9H9,B,J,high,9
9H9,14,prawnchip,typical,NA,9H9,B,J,high,9
9H9,15,prawnchip,uncertain,torn,9H9,B,J,high,9
9H9,16,prawnchip,typical,NA,9H9,B,J,high,9
9H9,17,prawnchip,typical,NA,9H9,B,J,high,9
9H9,18,prawnchip,typical,NA,9H9,B,J,high,9
9H9,19,prawnchip,uncertain,torn,9H9,B,J,high,9
9H9,20,prawnchip,typical,NA,9H9,B,J,high,9
9H9,21,prawnchip,typical,NA,9H9,B,J,high,9
9L14,1,earlygastrula,typical,NA,9L14,B,J,low,14
9L14,2,earlygastrula,typical,NA,9L14,B,J,low,14
9L14,3,earlygastrula,typical,NA,9L14,B,J,low,14
9L14,4,earlygastrula,typical,NA,9L14,B,J,low,14
9L14,5,earlygastrula,typical,NA,9L14,B,J,low,14
9L14,6,earlygastrula,typical,NA,9L14,B,J,low,14
9L14,7,earlygastrula,typical,NA,9L14,B,J,low,14
9L14,8,earlygastrula,typical,NA,9L14,B,J,low,14
9L14,9,earlygastrula,typical,NA,9L14,B,J,low,14
9L14,10,earlygastrula,typical,NA,9L14,B,J,low,14
9L14,11,earlygastrula,typical,NA,9L14,B,J,low,14
9L4,1,egg,typical,NA,9L4,B,J,low,4
9L4,2,egg,uncertain,torn,9L4,B,J,low,4
9L4,3,cleavage,typical,NA,9L4,B,J,low,4
9L4,4,egg,typical,NA,9L4,B,J,low,4
9L4,5,4to16cell,malformed,disintegrating,9L4,B,J,low,4
9L4,6,cleavage,uncertain,incomplete,9L4,B,J,low,4
9L4,7,cleavage,typical,NA,9L4,B,J,low,4
9L4,8,egg,typical,NA,9L4,B,J,low,4
9L4,9,egg,malformed,torn,9L4,B,J,low,4
9L4,10,cleavage,typical,NA,9L4,B,J,low,4
9L4,11,4to16cell,typical,NA,9L4,B,J,low,4
9L4,12,cleavage,typical,NA,9L4,B,J,low,4
9L4,13,4to16cell,typical,NA,9L4,B,J,low,4
9L4,14,cleavage,typical,NA,9L4,B,J,low,4
9L4,15,egg,typical,NA,9L4,B,J,low,4
9L4,16,4to16cell,typical,NA,9L4,B,J,low,4
9L4,17,cleavage,typical,NA,9L4,B,J,low,4
9L4,18,4to16cell,typical,NA,9L4,B,J,low,4
9L4,19,4to16cell,typical,NA,9L4,B,J,low,4
9L4,20,cleavage,typical,NA,9L4,B,J,low,4
9L4,21,cleavage,typical,NA,9L4,B,J,low,4
9L4,22,egg,typical,NA,9L4,B,J,low,4
9L4,23,cleavage,typical,incomplete,9L4,B,J,low,4
9L4,24,4to16cell,typical,NA,9L4,B,J,low,4
9L4,25,egg,malformed,torn,9L4,B,J,low,4
9L4,26,cleavage,typical,NA,9L4,B,J,low,4
9L4,27,cleavage,typical,NA,9L4,B,J,low,4
9L4,28,4to16cell,typical,NA,9L4,B,J,low,4
9L4,29,4to16cell,typical,NA,9L4,B,J,low,4
9L4,30,egg,malformed,disintegrating,9L4,B,J,low,4
9L4,31,cleavage,malformed,disintegrating,9L4,B,J,low,4
9L4,32,egg,malformed,disintegrating,9L4,B,J,low,4
9L9,1,prawnchip,malformed,disintegrating,9L9,B,J,low,9
9L9,2,prawnchip,typical,NA,9L9,B,J,low,9
9L9,3,prawnchip,typical,NA,9L9,B,J,low,9
9L9,4,prawnchip,typical,NA,9L9,B,J,low,9
9L9,5,prawnchip,typical,NA,9L9,B,J,low,9
9L9,6,prawnchip,malformed,torn,9L9,B,J,low,9
9L9,7,prawnchip,malformed,torn,9L9,B,J,low,9
9L9,8,prawnchip,typical,NA,9L9,B,J,low,9
9L9,9,32to64cell,typical,NA,9L9,B,J,low,9
9L9,10,prawnchip,typical,NA,9L9,B,J,low,9
9L9,11,prawnchip,uncertain,torn,9L9,B,J,low,9
9L9,12,prawnchip,typical,NA,9L9,B,J,low,9
9L9,13,prawnchip,uncertain,torn,9L9,B,J,low,9
9L9,14,prawnchip,typical,NA,9L9,B,J,low,9
9L9,15,prawnchip,malformed,disintegrating,9L9,B,J,low,9
9L9,16,prawnchip,typical,NA,9L9,B,J,low,9
9M14,1,earlygastrula,typical,NA,9M14,B,J,mid,14
9M14,2,earlygastrula,typical,NA,9M14,B,J,mid,14
9M14,3,earlygastrula,typical,NA,9M14,B,J,mid,14
9M14,4,earlygastrula,typical,NA,9M14,B,J,mid,14
9M14,5,earlygastrula,typical,NA,9M14,B,J,mid,14
9M14,6,earlygastrula,typical,NA,9M14,B,J,mid,14
9M14,7,earlygastrula,typical,NA,9M14,B,J,mid,14
9M14,8,earlygastrula,typical,NA,9M14,B,J,mid,14
9M14,9,earlygastrula,typical,NA,9M14,B,J,mid,14
9M14,10,earlygastrula,typical,NA,9M14,B,J,mid,14
9M14,11,earlygastrula,typical,NA,9M14,B,J,mid,14
9M14,12,earlygastrula,typical,NA,9M14,B,J,mid,14
9M14,13,earlygastrula,uncertain,torn,9M14,B,J,mid,14
9M14,14,earlygastrula,typical,NA,9M14,B,J,mid,14
9M14,15,earlygastrula,typical,NA,9M14,B,J,mid,14
9M14,16,earlygastrula,typical,NA,9M14,B,J,mid,14
9M14,17,earlygastrula,typical,NA,9M14,B,J,mid,14
9M14,18,earlygastrula,typical,NA,9M14,B,J,mid,14
9M14,19,earlygastrula,typical,NA,9M14,B,J,mid,14
9M14,20,earlygastrula,typical,NA,9M14,B,J,mid,14
9M14,21,earlygastrula,typical,NA,9M14,B,J,mid,14
9M14,22,earlygastrula,typical,NA,9M14,B,J,mid,14
9M14,23,earlygastrula,typical,NA,9M14,B,J,mid,14
9M14,24,earlygastrula,typical,NA,9M14,B,J,mid,14
9M14,25,earlygastrula,typical,NA,9M14,B,J,mid,14
9M4,1,cleavage,typical,NA,9M4,B,J,mid,4
9M4,2,cleavage,typical,NA,9M4,B,J,mid,4
9M4,3,cleavage,typical,incomplete,9M4,B,J,mid,4
9M4,4,egg,typical,NA,9M4,B,J,mid,4
9M4,5,4to16cell,typical,NA,9M4,B,J,mid,4
9M4,6,cleavage,typical,NA,9M4,B,J,mid,4
9M4,7,egg,typical,NA,9M4,B,J,mid,4
9M4,8,4to16cell,typical,incomplete,9M4,B,J,mid,4
9M4,9,4to16cell,typical,NA,9M4,B,J,mid,4
9M4,10,4to16cell,typical,NA,9M4,B,J,mid,4
9M4,11,4to16cell,typical,NA,9M4,B,J,mid,4
9M4,12,egg,typical,NA,9M4,B,J,mid,4
9M4,13,4to16cell,typical,NA,9M4,B,J,mid,4
9M4,14,cleavage,typical,NA,9M4,B,J,mid,4
9M4,15,cleavage,typical,NA,9M4,B,J,mid,4
9M4,16,cleavage,typical,incomplete,9M4,B,J,mid,4
9M4,17,cleavage,typical,incomplete,9M4,B,J,mid,4
9M4,18,4to16cell,typical,NA,9M4,B,J,mid,4
9M4,19,cleavage,typical,incomplete,9M4,B,J,mid,4
9M4,20,4to16cell,typical,NA,9M4,B,J,mid,4
9M4,21,egg,typical,NA,9M4,B,J,mid,4
9M9,1,prawnchip,malformed,torn,9M9,B,J,mid,9
9M9,2,prawnchip,typical,NA,9M9,B,J,mid,9
9M9,3,prawnchip,typical,NA,9M9,B,J,mid,9
9M9,4,prawnchip,typical,NA,9M9,B,J,mid,9
9M9,5,prawnchip,typical,NA,9M9,B,J,mid,9
9M9,6,prawnchip,typical,NA,9M9,B,J,mid,9
9M9,7,prawnchip,typical,NA,9M9,B,J,mid,9
9M9,8,prawnchip,typical,NA,9M9,B,J,mid,9
9M9,9,prawnchip,typical,NA,9M9,B,J,mid,9
9M9,10,prawnchip,malformed,torn,9M9,B,J,mid,9
9M9,11,prawnchip,typical,NA,9M9,B,J,mid,9
9M9,12,prawnchip,typical,NA,9M9,B,J,mid,9
9M9,13,prawnchip,typical,NA,9M9,B,J,mid,9
9M9,14,prawnchip,uncertain,torn,9M9,B,J,mid,9
9M9,15,prawnchip,uncertain,torn,9M9,B,J,mid,9
